-- phpMyAdmin SQL Dump
-- version 2.11.11.3
-- http://www.phpmyadmin.net
--
-- Servidor: 190.183.59.230:3307
-- Tiempo de generación: 14-03-2012 a las 20:08:03
-- Versión del servidor: 4.1.21
-- Versión de PHP: 5.2.7-dev

SET SQL_MODE="NO_AUTO_VALUE_ON_ZERO";


/*!40101 SET @OLD_CHARACTER_SET_CLIENT=@@CHARACTER_SET_CLIENT */;
/*!40101 SET @OLD_CHARACTER_SET_RESULTS=@@CHARACTER_SET_RESULTS */;
/*!40101 SET @OLD_COLLATION_CONNECTION=@@COLLATION_CONNECTION */;
/*!40101 SET NAMES utf8 */;

--
-- Base de datos: `gambeta`
--

-- --------------------------------------------------------

--
-- Estructura de tabla para la tabla `configuracion`
--

CREATE TABLE IF NOT EXISTS `configuracion` (
  `id` tinyint(1) NOT NULL auto_increment,
  `mailContacto` varchar(255) default NULL,
  `puntosPartidoGanado` tinyint(1) default '0',
  `puntosPartidoEmpatado` tinyint(1) default '0',
  `puntosTarjetaRoja` tinyint(1) default '0',
  `puntosTarjetaAmarilla` tinyint(1) default '0',
  PRIMARY KEY  (`id`)
) ENGINE=MyISAM  DEFAULT CHARSET=utf8 AUTO_INCREMENT=2 ;

--
-- Volcar la base de datos para la tabla `configuracion`
--

INSERT INTO `configuracion` (`id`, `mailContacto`, `puntosPartidoGanado`, `puntosPartidoEmpatado`, `puntosTarjetaRoja`, `puntosTarjetaAmarilla`) VALUES
(1, 'gambetafemenina@gmail.com', 3, 1, 2, 1);

-- --------------------------------------------------------

--
-- Estructura de tabla para la tabla `equipoidealfecha`
--

CREATE TABLE IF NOT EXISTS `equipoidealfecha` (
  `id` int(11) NOT NULL auto_increment,
  `idFecha` int(6) NOT NULL default '0',
  `idEquipo` int(6) NOT NULL default '0',
  `idJugador` int(8) NOT NULL default '0',
  `idPosicionCancha` int(4) NOT NULL default '0',
  `descripcion` text,
  PRIMARY KEY  (`id`)
) ENGINE=MyISAM  DEFAULT CHARSET=utf8 AUTO_INCREMENT=281 ;

--
-- Volcar la base de datos para la tabla `equipoidealfecha`
--


-- --------------------------------------------------------

--
-- Estructura de tabla para la tabla `equipos`
--

CREATE TABLE IF NOT EXISTS `equipos` (
  `id` int(6) NOT NULL auto_increment,
  `idTorneo` int(4) NOT NULL default '0',
  `nombre` varchar(250) NOT NULL default '',
  `descripcion` text,
  `descuentoPuntos` int(3) default '0',
  `fotoPreview` text,
  `fotoLarge` text,
  PRIMARY KEY  (`id`)
) ENGINE=MyISAM  DEFAULT CHARSET=utf8 COMMENT='InnoDB free: 4096 kB; (`idTorneo`) REFER `torneofutbol/torne' AUTO_INCREMENT=52 ;

--
-- Volcar la base de datos para la tabla `equipos`
--

INSERT INTO `equipos` (`id`, `idTorneo`, `nombre`, `descripcion`, `descuentoPuntos`, `fotoPreview`, `fotoLarge`) VALUES
(43, 4, 'Los Jaimicos', NULL, NULL, NULL, 'dscn4798.jpg'),
(44, 4, 'La Urgencia', NULL, 0, NULL, 'dscn5159.jpg'),
(45, 4, 'Club Atlético Turros', NULL, NULL, NULL, 'dscn4774.jpg'),
(46, 4, 'Halcón Feroz', NULL, 0, NULL, 'dscn4919.jpg'),
(47, 4, 'Los Michifus', NULL, 0, NULL, 'dscn4920(1).jpg'),
(48, 4, 'La Sub 17', NULL, 0, NULL, 'dscn5158.jpg'),
(49, 4, 'Los Intocables', NULL, NULL, NULL, 'dscn5374.jpg'),
(50, 4, 'Es Lo Que Hay', NULL, 0, NULL, NULL),
(51, 4, 'Los Cabezones', NULL, 0, NULL, 'dscn4773.jpg');

-- --------------------------------------------------------

--
-- Estructura de tabla para la tabla `fechaequipo`
--

CREATE TABLE IF NOT EXISTS `fechaequipo` (
  `id` int(4) NOT NULL auto_increment,
  `idFecha` int(6) NOT NULL default '0',
  `idEquipo` int(6) NOT NULL default '0',
  `titulo` varchar(250) default NULL,
  `descripcion` text,
  `orden` int(2) default '1',
  PRIMARY KEY  (`id`)
) ENGINE=MyISAM  DEFAULT CHARSET=utf8 AUTO_INCREMENT=74 ;

--
-- Volcar la base de datos para la tabla `fechaequipo`
--


-- --------------------------------------------------------

--
-- Estructura de tabla para la tabla `fechajugador`
--

CREATE TABLE IF NOT EXISTS `fechajugador` (
  `id` int(4) NOT NULL auto_increment,
  `idFecha` int(6) NOT NULL default '0',
  `idEquipo` int(6) NOT NULL default '0',
  `idJugador` int(8) NOT NULL default '0',
  `titulo` varchar(250) default NULL,
  `descripcion` text,
  `orden` int(2) default '1',
  PRIMARY KEY  (`id`)
) ENGINE=MyISAM  DEFAULT CHARSET=utf8 AUTO_INCREMENT=68 ;

--
-- Volcar la base de datos para la tabla `fechajugador`
--


-- --------------------------------------------------------

--
-- Estructura de tabla para la tabla `fechas`
--

CREATE TABLE IF NOT EXISTS `fechas` (
  `id` int(6) NOT NULL auto_increment,
  `nombre` varchar(250) NOT NULL default '',
  `fechaInicio` date default NULL,
  `fechaFin` date default NULL,
  `idTorneo` int(4) NOT NULL default '0',
  PRIMARY KEY  (`id`)
) ENGINE=MyISAM  DEFAULT CHARSET=utf8 AUTO_INCREMENT=100 ;

--
-- Volcar la base de datos para la tabla `fechas`
--

INSERT INTO `fechas` (`id`, `nombre`, `fechaInicio`, `fechaFin`, `idTorneo`) VALUES
(97, 'Fecha 7', '2011-05-28', '2011-05-28', 4),
(99, 'Fecha 8', '2011-06-04', '2011-06-04', 4),
(96, 'Fecha 6', '2011-05-21', '2011-05-21', 4),
(95, 'Fecha 5', '2011-05-14', '2011-05-14', 4),
(94, 'Fecha 4', '2011-05-07', '2011-05-07', 4),
(93, 'Fecha 3', '2011-04-30', '2011-04-30', 4),
(92, 'Fecha 2', '2011-04-16', '2011-04-16', 4),
(91, 'Fecha 1', '2011-04-09', '2011-04-09', 4);

-- --------------------------------------------------------

--
-- Estructura de tabla para la tabla `fixture`
--

CREATE TABLE IF NOT EXISTS `fixture` (
  `id` int(6) NOT NULL auto_increment,
  `idFecha` int(6) NOT NULL default '0',
  `idEquipo1` int(6) NOT NULL default '0',
  `golesEquipo1` int(2) default NULL,
  `amonestadosEquipo1` int(2) default '0',
  `expulsadosEquipo1` int(2) default '0',
  `idEquipo2` int(6) default NULL,
  `golesEquipo2` int(2) default NULL,
  `amonestadosEquipo2` int(2) default '0',
  `expulsadosEquipo2` int(2) default '0',
  `fechaPartido` date default NULL,
  `horaPartido` varchar(5) default NULL,
  `suspendido` tinyint(1) default '0',
  `observaciones` text,
  PRIMARY KEY  (`id`)
) ENGINE=MyISAM  DEFAULT CHARSET=utf8 AUTO_INCREMENT=394 ;

--
-- Volcar la base de datos para la tabla `fixture`
--

INSERT INTO `fixture` (`id`, `idFecha`, `idEquipo1`, `golesEquipo1`, `amonestadosEquipo1`, `expulsadosEquipo1`, `idEquipo2`, `golesEquipo2`, `amonestadosEquipo2`, `expulsadosEquipo2`, `fechaPartido`, `horaPartido`, `suspendido`, `observaciones`) VALUES
(392, 95, 48, 5, 0, 0, 43, 6, 0, 0, '2011-05-14', '16:00', NULL, NULL),
(393, 95, 46, 10, 0, 0, 51, 6, 0, 0, '2011-05-14', '17:00', NULL, NULL),
(391, 95, 50, 2, 0, 0, 47, 19, 0, 0, '2011-05-14', '14:00', NULL, NULL),
(388, 94, 43, 5, 0, 0, 51, 0, 0, 0, '2011-05-07', '16:00', NULL, NULL),
(387, 94, 49, 5, 0, 0, 48, 5, 0, 0, '2011-05-07', '15:00', NULL, NULL),
(386, 94, 44, 2, 0, 0, 47, 13, 0, 0, '2011-05-07', '14:00', NULL, NULL),
(385, 93, 51, 9, 0, 0, 50, 4, 0, 0, '2011-04-30', '17:00', NULL, NULL),
(382, 93, 49, 4, 0, 0, 47, 3, 0, 0, '2011-04-30', '14:00', NULL, NULL),
(384, 93, 43, 0, 0, 0, 45, 5, 0, 0, '2011-04-30', '16:00', NULL, NULL),
(381, 92, 46, 3, 0, 0, 47, 8, 0, 0, '2011-04-16', '18:00', NULL, NULL),
(380, 92, 45, 11, 0, 0, 50, 3, 0, 0, '2011-04-16', '16:00', NULL, NULL),
(379, 92, 51, 0, 0, 0, 48, 5, 0, 0, '2011-04-16', '15:00', NULL, NULL),
(383, 93, 48, 2, 0, 0, 44, 7, 0, 0, '2011-04-30', '15:00', NULL, NULL),
(378, 92, 44, 5, 0, 0, 49, 5, 0, 0, '2011-04-16', '14:00', NULL, NULL),
(377, 91, 46, 6, 0, 0, 44, 1, 0, 0, '2011-04-09', '18:00', NULL, NULL),
(375, 91, 45, 9, 0, 0, 51, 5, 0, 0, '2011-04-09', '15:00', NULL, NULL),
(376, 91, 43, 8, 0, 0, 50, 1, 0, 0, '2011-04-09', '16:00', NULL, NULL);

-- --------------------------------------------------------

--
-- Estructura de tabla para la tabla `fotos`
--

CREATE TABLE IF NOT EXISTS `fotos` (
  `id` int(6) NOT NULL auto_increment,
  `idGaleriaFoto` int(4) NOT NULL default '0',
  `fotoPreview` text,
  `fotoLarge` text,
  `video` text,
  `esFoto` char(1) NOT NULL default '1',
  PRIMARY KEY  (`id`)
) ENGINE=MyISAM  DEFAULT CHARSET=utf8 AUTO_INCREMENT=7 ;

--
-- Volcar la base de datos para la tabla `fotos`
--

INSERT INTO `fotos` (`id`, `idGaleriaFoto`, `fotoPreview`, `fotoLarge`, `video`, `esFoto`) VALUES
(1, 1, '9.jpg', '12.jpg', NULL, '1'),
(2, 1, '14.jpg', '13.jpg', NULL, '1'),
(3, 2, 'artesanales_over.gif', 'borde_der.gif', NULL, '1'),
(4, 2, 'email.jpg', 'home.gif', NULL, '1'),
(5, 1, 'cat_2.jpg', 'cat_1.jpg', NULL, '1'),
(6, 2, '125.jpg', '124.jpg', NULL, '1');

-- --------------------------------------------------------

--
-- Estructura de tabla para la tabla `galeriafotos`
--

CREATE TABLE IF NOT EXISTS `galeriafotos` (
  `id` int(4) NOT NULL auto_increment,
  `nombre` varchar(100) NOT NULL default '',
  `imagen` text,
  `orden` tinyint(2) default '0',
  PRIMARY KEY  (`id`)
) ENGINE=MyISAM  DEFAULT CHARSET=utf8 AUTO_INCREMENT=5 ;

--
-- Volcar la base de datos para la tabla `galeriafotos`
--


-- --------------------------------------------------------

--
-- Estructura de tabla para la tabla `ga_categorias`
--

CREATE TABLE IF NOT EXISTS `ga_categorias` (
  `id` int(11) NOT NULL auto_increment,
  `nombreCorto` varchar(250) NOT NULL default '',
  `nombreLargo` varchar(250) NOT NULL default '',
  `nombrePagina` varchar(100) NOT NULL default '',
  PRIMARY KEY  (`id`)
) ENGINE=InnoDB DEFAULT CHARSET=latin1 AUTO_INCREMENT=10 ;

--
-- Volcar la base de datos para la tabla `ga_categorias`
--

INSERT INTO `ga_categorias` (`id`, `nombreCorto`, `nombreLargo`, `nombrePagina`) VALUES
(1, 'Cat. A', 'Categoria A', 'A'),
(3, 'Cat. B', 'Categoría B', 'B'),
(4, 'Cat. C', 'Categoría C', 'C'),
(5, 'Azul', 'Zona Azul', 'A'),
(6, 'Verde', 'Zona Verde', 'V'),
(8, 'Zona A', 'Zona A', 'Zona A'),
(9, 'Zona B', 'Zona B', 'Zona B');

-- --------------------------------------------------------

--
-- Estructura de tabla para la tabla `ga_equipos`
--

CREATE TABLE IF NOT EXISTS `ga_equipos` (
  `id` int(11) NOT NULL auto_increment,
  `nombre` varchar(150) NOT NULL default '',
  `idTorneoCat` int(11) NOT NULL default '0',
  `fotoPreview` text,
  `fotoGrande` text,
  `descuento_puntos` int(11) default '0',
  `descripcion` text,
  PRIMARY KEY  (`id`)
) ENGINE=InnoDB DEFAULT CHARSET=latin1 AUTO_INCREMENT=90 ;

--
-- Volcar la base de datos para la tabla `ga_equipos`
--

INSERT INTO `ga_equipos` (`id`, `nombre`, `idTorneoCat`, `fotoPreview`, `fotoGrande`, `descuento_puntos`, `descripcion`) VALUES
(1, 'Divinas Glorias', 13, 'pre_1_Divinas_Glorias.jpg', 'gra_1_equipos.jpg', 0, ''),
(5, 'Pulmotor FC', 19, 'pre_5_Pulmotor.JPG', 'gra_5_equipos.jpg', 0, ''),
(6, 'Equipete', 13, 'pre_6_Equipete.JPG', 'gra_6_equipos.jpg', 0, ''),
(7, 'Nigeria', 13, 'pre_7_NIGERIAA.jpg', 'gra_7_NIGERIAA.jpg', 0, ''),
(8, 'Meloneras', 13, 'pre_8_Meloneras.jpg', 'gra_8_equipos.jpg', 0, ''),
(9, 'La Desco Gris', 13, 'pre_9_La_Desco_Gris.jpg', 'gra_9_equipos.jpg', 0, ''),
(10, 'La Desco Verde', 13, 'pre_10_Desco_Verde.JPG', 'gra_10_equipos.jpg', 0, ''),
(11, 'La Desco Violeta', 13, 'pre_11_La_Desco_Violeta.jpg', 'gra_11_equipos.jpg', 0, ''),
(13, 'The Outsiders', 13, 'pre_13_The Outsiders.JPG', 'gra_13_equipos.jpg', 0, ''),
(14, 'Botineras', 14, 'pre_14_equipos.jpg', 'gra_14_equipos.jpg', 0, ''),
(15, 'Dep. Valente', 14, 'pre_15_equipos.jpg', 'gra_15_equipos.jpg', 0, ''),
(16, 'Dep. Chuchaqui II', 14, 'pre_16_equipos.jpg', 'gra_16_equipos.jpg', 0, ''),
(17, 'Revuelto Gramajo', 14, 'pre_17_equipos.jpg', 'gra_17_equipos.jpg', 0, ''),
(18, 'Pilar Chicas', 14, 'pre_18_equipos.jpg', 'gra_18_equipos.jpg', 0, ''),
(19, 'Sarasa', 14, 'pre_19_equipos.jpg', 'gra_19_equipos.jpg', 0, ''),
(20, 'Río Colorado', 14, 'pre_20_equipos.jpg', 'gra_20_equipos.jpg', 0, ''),
(21, 'Argentinitas', 14, 'pre_21_equipos.jpg', 'gra_21_equipos.jpg', 0, ''),
(22, 'L.T.A.', 14, 'pre_22_equipos.jpg', 'gra_22_equipos.jpg', 0, ''),
(23, 'Nenas', 14, 'pre_23_equipos.jpg', 'gra_23_equipos.jpg', 0, ''),
(24, 'Mamitas Santas', 14, 'pre_24_equipos.jpg', 'gra_24_equipos.jpg', 0, ''),
(25, 'Mankus', 14, 'pre_25_equipos.jpg', 'gra_25_equipos.jpg', 0, ''),
(27, 'Va venir no va venir', 19, 'pre_27_Va_venir....jpg', 'gra_27_equipos.jpg', 0, ''),
(30, 'Los Limones', 15, 'pre_30_Los_Limones.jpg', 'gra_30_equipos.jpg', 0, ''),
(31, 'C. A. B. C.', 15, 'pre_31_CABC.jpg', 'gra_31_CABC.jpg', 0, ''),
(32, 'Correcaminos', 15, 'pre_32_Correcaminos.JPG', 'gra_32_equipos.jpg', 0, ''),
(33, 'Barrilete Cosmico', 15, 'pre_33_Barrilete.JPG', 'gra_33_equipos.jpg', 0, ''),
(34, 'Pie con Bola', 15, 'pre_34_PIECONBOLA.jpg', 'gra_34_PIECONBOLA.jpg', 0, ''),
(35, 'Dep. Chuchaqui I', 19, 'pre_35_Dep. Chuchaqui I.jpg', 'gra_35_equipos.jpg', 0, ''),
(36, 'Las Ponchas', 24, 'pre_36_Las Ponchas.JPG', 'gra_36_equipos.jpg', 0, ''),
(39, 'Sale Glam', 24, 'pre_39_Sale Glam.jpg', NULL, 0, ''),
(40, 'Las Chauchas', 24, 'pre_40_LASCHAUCAHS.jpg', 'gra_40_LASCHAUCAHS.jpg', 0, ''),
(41, 'Nos fuimos al P.', 24, 'pre_41_Nos Fuimos al Pasto.JPG', 'gra_41_PASTO.jpg', 0, ''),
(42, 'Bazinga', 24, 'pre_42_Bazinga.JPG', 'gra_42_BAZ.jpg', 0, ''),
(43, 'Las Pumitas', 23, 'pre_43_Las Pumitas.jpg', 'gra_43_LASPUMITAS.jpg', 0, ''),
(45, 'Dep. Mercedes', 24, 'pre_45_DEPMERCEDES.jpg', 'gra_45_DEPMERCEDES.jpg', 0, ''),
(46, 'Moulin', 23, 'pre_46_Mouling.JPG', NULL, 0, ''),
(47, 'Pumbas FC', 19, 'pre_47_Pumbas.jpg', 'gra_47_equipos.jpg', 0, ''),
(48, 'Las que tupe', 23, 'pre_48_Las Que Tupé.jpg', NULL, 0, ''),
(51, 'Bombinhas', 19, 'pre_51_Bombinhas.jpg', 'gra_51_equipos.jpg', 0, ''),
(52, 'Dep. Valente', 19, 'pre_52_VALENTEE.jpg', 'gra_52_VALENTEE.jpg', 0, ''),
(53, 'Nenas', 15, 'pre_53_Nenas.JPG', NULL, 0, ''),
(54, 'L.T.A.', 23, 'pre_54_L.T.A..jpg', 'gra_54_LTAA.jpg', 0, ''),
(55, 'Río Colorado', 19, 'pre_55_Rio_Colorado.jpg', NULL, 0, ''),
(56, 'Dep. Chuchaqui II', 13, 'pre_56_Dep. Chuchaqui II.jpg', 'gra_56_DEPCHUCH2.jpg', 0, ''),
(57, 'Sarasa', 13, 'pre_57_Sarasa.jpg', NULL, 0, ''),
(58, 'Tía Maruka', 19, NULL, NULL, 0, ''),
(59, 'Botineras', 19, 'pre_59_Botineras.jpg', NULL, 0, ''),
(60, 'Melmac FC', 19, 'pre_60_Pilar Chicas.JPG', 'gra_60_Pilar Chicas.JPG', 0, ''),
(61, 'Desco Azul', 19, 'pre_61_La_Desco_Azul.jpg', 'gra_61_MANKUSS.jpg', 0, ''),
(62, 'Alta Mezcla', 19, 'pre_62_Alta_Mezcla.jpg', NULL, 0, ''),
(72, 'San Lucas Club', 13, 'pre_72_San Lucas Club.jpg', NULL, 0, ''),
(73, 'Las Piratas', 13, 'pre_73_Las_Piratas.jpg', NULL, 0, ''),
(74, 'Palo Borracho', 15, 'pre_74_palo_borracho[1].jpg', NULL, 0, ''),
(75, 'The Drink Team', 15, 'pre_75_The_Drink_Team.jpg', NULL, 0, ''),
(76, 'Branca Team', 15, 'pre_76_Branca_Team.jpg', NULL, 0, ''),
(77, 'Las Pibitas', 15, 'pre_77_Las_Pibitas.JPG', NULL, 0, ''),
(78, 'Resacadas', 15, 'pre_78_Resacadas.JPG', NULL, 0, ''),
(79, 'Abejitas', 15, 'pre_79_Abejitas.jpg', NULL, 0, ''),
(80, 'Toreras', 24, 'pre_80_Toreras.JPG', NULL, 0, ''),
(82, 'Punto A', 23, 'pre_82_Punto A.JPG', NULL, 0, ''),
(83, 'Bartolas FC', 24, 'pre_83_Bartolas.JPG', NULL, 0, ''),
(84, 'Fútbol a lo Fem.', 24, 'pre_84_Fútbol a lo Fem..jpg', NULL, 0, ''),
(85, 'Todos los Pollos', 23, 'pre_85_Todos los Pollos.JPG', NULL, 0, ''),
(86, 'Palo y a la Bolsa', 24, 'pre_86_Palo y a la Bolsa.JPG', NULL, 0, ''),
(87, 'Magas Negras FC', 23, 'pre_87_Magas Negras.jpg', NULL, 0, ''),
(88, 'Porristas', 13, 'pre_88_Porristas.jpg', NULL, 0, ''),
(89, 'Aplanadoras', 23, 'pre_89_Aplanadoras.JPG', NULL, 0, '');

-- --------------------------------------------------------

--
-- Estructura de tabla para la tabla `ga_fechas`
--

CREATE TABLE IF NOT EXISTS `ga_fechas` (
  `id` int(11) NOT NULL auto_increment,
  `nombre` varchar(100) NOT NULL default '',
  `fechaIni` date NOT NULL default '0000-00-00',
  `fechaFin` date NOT NULL default '0000-00-00',
  `idTorneoCat` int(11) NOT NULL default '0',
  PRIMARY KEY  (`id`)
) ENGINE=InnoDB DEFAULT CHARSET=latin1 AUTO_INCREMENT=146 ;

--
-- Volcar la base de datos para la tabla `ga_fechas`
--

INSERT INTO `ga_fechas` (`id`, `nombre`, `fechaIni`, `fechaFin`, `idTorneoCat`) VALUES
(6, 'Fecha 1', '2011-04-10', '2011-04-10', 14),
(7, 'Fecha 2', '2011-04-17', '2011-04-17', 14),
(11, 'Fecha 1', '2011-04-09', '2011-04-09', 16),
(12, 'Fecha 2', '2011-04-16', '2011-04-16', 16),
(15, 'Fecha 3', '2011-04-30', '2011-04-30', 16),
(19, 'Fecha 4', '2011-05-07', '2011-05-07', 16),
(23, 'Fecha 5', '2011-05-14', '2011-05-14', 16),
(24, 'Fecha 6', '2011-05-21', '2011-05-21', 16),
(31, 'Fecha 7', '2011-05-28', '2011-05-28', 16),
(32, 'Fecha 8', '2011-06-04', '2011-06-04', 16),
(33, 'Fecha 9', '2011-06-11', '2011-06-11', 16),
(34, 'Fecha 10', '2011-06-18', '2011-06-18', 16),
(35, 'Fecha 11', '2011-06-25', '2011-06-25', 16),
(36, 'Fecha 12', '2011-07-02', '2011-07-02', 16),
(37, 'Fecha 13', '2011-07-09', '2011-07-09', 16),
(38, 'Fecha 14', '2011-07-16', '2011-07-16', 16),
(57, 'Semis y Reducido', '2011-08-13', '2011-08-13', 16),
(61, 'Reducido', '2011-08-27', '2011-08-27', 16),
(64, 'Final - 3° y 4° P.', '2011-09-03', '2011-09-03', 16),
(65, 'Fecha 1', '2011-09-10', '2011-09-10', 21),
(66, 'Fecha 1', '2011-09-10', '2011-09-10', 20),
(67, 'Fecha 2', '2011-09-17', '2011-09-17', 21),
(68, 'Fecha 2', '2011-09-17', '2011-09-17', 20),
(69, 'Fecha 1', '2011-09-10', '2011-09-10', 13),
(70, 'Fecha 1', '2011-09-10', '2011-09-10', 19),
(71, 'Fecha 1', '2011-09-10', '2011-09-10', 15),
(72, 'Fecha 2', '2011-09-18', '2011-09-18', 13),
(73, 'Fecha 2', '2011-09-18', '2011-09-18', 19),
(74, 'Fecha 2', '2011-09-18', '2011-09-18', 15),
(75, 'Fecha 3', '2011-09-25', '2011-09-25', 13),
(76, 'Fecha 3', '2011-09-25', '2011-09-25', 19),
(77, 'Fecha 3', '2011-09-25', '2011-09-25', 15),
(78, 'Fecha 3', '2011-09-24', '2011-09-24', 20),
(79, 'Fecha 3', '2011-09-24', '2011-09-24', 21),
(80, 'Fecha 4', '2011-10-02', '2011-10-02', 13),
(81, 'Fecha 4', '2011-10-02', '2011-10-02', 19),
(82, 'Fecha 4', '2011-10-02', '2011-10-02', 15),
(83, 'Fecha 4', '2011-10-01', '2011-10-01', 20),
(85, 'Fecha 4', '2011-10-01', '2011-10-01', 21),
(86, 'Fecha 5', '2011-10-15', '2011-10-15', 20),
(87, 'Fecha 5', '2011-10-15', '2011-10-15', 21),
(88, 'Fecha 6', '2011-10-22', '2011-10-22', 20),
(89, 'Fecha 6', '2011-10-22', '2011-10-22', 21),
(90, 'Fecha 7', '2011-10-29', '2011-10-29', 20),
(91, 'Fecha 7', '2011-10-29', '2011-10-29', 21),
(92, 'Fecha 5', '2011-10-16', '2011-10-16', 15),
(93, 'Fecha 5', '2011-10-16', '2011-10-16', 19),
(94, 'Fecha 5', '2011-10-16', '2011-10-16', 13),
(95, 'Fecha 6', '2011-10-30', '2011-10-30', 13),
(96, 'Fecha 6', '2011-10-30', '2011-10-30', 19),
(97, 'Fecha 6', '2011-10-30', '2011-10-30', 15),
(98, 'Fecha 7', '2011-11-06', '2011-11-06', 13),
(99, 'Fecha 7', '2011-11-06', '2011-11-06', 19),
(100, 'Fecha 7', '2011-11-06', '2011-11-06', 15),
(101, 'Fecha 8', '2011-11-13', '2011-11-13', 15),
(102, 'Fecha 8', '2011-11-13', '2011-11-13', 19),
(103, 'Fecha 8', '2011-11-13', '2011-11-13', 13),
(104, 'Fecha 9', '2011-11-20', '2011-11-20', 15),
(105, 'Fecha 9', '2011-11-20', '2011-11-20', 19),
(106, 'Fecha 9', '2011-11-20', '2011-11-20', 13),
(107, 'Fecha 10', '2011-12-04', '2011-12-04', 15),
(108, 'Fecha 10', '2011-12-04', '2011-12-04', 19),
(109, 'Fecha 10', '2011-12-04', '2011-12-04', 13),
(110, 'Fecha 11', '2011-12-11', '2011-12-11', 15),
(111, 'Fecha 11', '2011-12-11', '2011-12-11', 19),
(112, 'Fecha 11', '2011-12-11', '2011-12-11', 13),
(113, 'Fecha 8', '2011-11-05', '2011-11-05', 20),
(115, 'Fecha 8', '2011-11-05', '2011-11-05', 21),
(116, 'Fecha 9', '2011-11-12', '2011-11-12', 20),
(117, 'Fecha 9', '2011-11-12', '2011-11-12', 21),
(118, 'F. Recuperación', '2011-11-19', '2011-11-19', 20),
(119, 'F. Recuperación', '2011-11-19', '2011-11-19', 21),
(120, 'Zona A', '2011-12-03', '2011-12-03', 22),
(121, 'Fecha 1', '2011-12-03', '2011-12-03', 23),
(122, 'Fecha 2', '2011-12-17', '2011-12-17', 23),
(123, 'Fecha 2', '2011-12-17', '2011-12-17', 24),
(124, 'Fecha 1', '2011-12-03', '2011-12-03', 24),
(125, 'Fecha 3', '2012-03-03', '2012-03-03', 23),
(126, 'Fecha 3', '2012-03-03', '2012-03-03', 24),
(127, 'Fecha 4', '2012-03-10', '2012-03-10', 23),
(128, 'Fecha 4', '2012-03-10', '2012-03-10', 24),
(129, 'Fecha 5', '2012-03-17', '2012-03-17', 23),
(130, 'Fecha 5', '2012-03-17', '2012-03-17', 24),
(131, 'Fecha 6', '2012-03-24', '2012-03-24', 23),
(132, 'Fecha 6', '2012-03-24', '2012-03-24', 24),
(133, 'Fecha 7', '2012-04-14', '2012-04-14', 23),
(134, 'Fecha 7', '2012-04-14', '2012-04-14', 24),
(135, 'Fecha 8', '2012-04-21', '2012-04-21', 24),
(136, 'Fecha 9', '2012-05-05', '2012-05-05', 24),
(137, 'Cuartos de Final', '2012-03-11', '2012-03-11', 13),
(138, 'Cuartos de Final', '2012-03-11', '2012-03-11', 19),
(139, 'Cuartos de Final', '2012-03-11', '2012-03-11', 15),
(140, 'Semifinales y Repechajes', '2012-03-18', '2012-03-18', 13),
(141, 'Semifinales y Repechajes', '2012-03-18', '2012-03-18', 19),
(142, 'Semifinales y Repechajes', '2012-03-18', '2012-03-18', 15),
(143, 'Final', '2012-03-25', '2012-03-25', 13),
(144, 'Final', '2012-03-25', '2012-03-25', 19),
(145, 'Final', '2012-03-25', '2012-03-25', 15);

-- --------------------------------------------------------

--
-- Estructura de tabla para la tabla `ga_fixture`
--

CREATE TABLE IF NOT EXISTS `ga_fixture` (
  `id` int(6) NOT NULL auto_increment,
  `idFecha` int(6) NOT NULL default '0',
  `idEquipo1` int(6) NOT NULL default '0',
  `golesEquipo1` int(2) default NULL,
  `amonestadosEquipo1` int(2) default '0',
  `expulsadosEquipo1` int(2) default '0',
  `idEquipo2` int(6) default NULL,
  `golesEquipo2` int(2) default NULL,
  `amonestadosEquipo2` int(2) default '0',
  `expulsadosEquipo2` int(2) default '0',
  `fechaPartido` date default NULL,
  `horaPartido` varchar(5) default NULL,
  `idSede` int(11) NOT NULL default '0',
  `cancha` varchar(10) NOT NULL default '',
  `suspendido` tinyint(1) default '0',
  `observaciones` text,
  PRIMARY KEY  (`id`)
) ENGINE=MyISAM  DEFAULT CHARSET=utf8 AUTO_INCREMENT=699 ;

--
-- Volcar la base de datos para la tabla `ga_fixture`
--

INSERT INTO `ga_fixture` (`id`, `idFecha`, `idEquipo1`, `golesEquipo1`, `amonestadosEquipo1`, `expulsadosEquipo1`, `idEquipo2`, `golesEquipo2`, `amonestadosEquipo2`, `expulsadosEquipo2`, `fechaPartido`, `horaPartido`, `idSede`, `cancha`, `suspendido`, `observaciones`) VALUES
(1, 1, 4, 1, 2, 3, 3, 4, 5, 6, '2011-03-20', '1', 0, '', 0, 'aaaaaaaaaaaa'),
(2, 2, 4, 0, 0, 0, 2, 0, 0, 0, '2011-03-19', '15hs', 0, '', 0, ''),
(25, 5, 5, 4, 0, 0, 37, 15, 0, 0, '2011-04-17', '13.45', 2, '1', 0, ''),
(24, 7, 18, -1, 0, 0, 24, -1, 0, 0, '2011-04-17', '12.45', 2, '2', 0, ''),
(23, 7, 15, -1, 0, 0, 21, -1, 0, 0, '2011-04-17', '12.45', 2, '1', 0, ''),
(442, 96, 27, 13, 1, 0, 59, 5, 0, 0, '2011-10-30', '10:45', 2, '1', 0, ''),
(21, 10, 31, 5, 0, 0, 28, 0, 0, 0, '2011-04-17', '--', 2, '1', 0, ''),
(443, 96, 5, 26, 0, 0, 52, 1, 0, 0, '2011-10-30', '12:45', 2, '1', 0, ''),
(20, 7, 22, -1, 0, 0, 23, -1, 0, 0, '2011-04-17', '10.45', 2, '2', 0, ''),
(441, 97, 75, 6, 0, 0, 31, 1, 1, 0, '2011-10-30', '11:45', 2, '2', 0, ''),
(27, 7, 17, -1, 0, 0, 14, -1, 0, 0, '2011-04-17', '13.45', 2, '1', 0, ''),
(28, 7, 16, -1, 0, 0, 20, -1, 0, 0, '2011-04-17', '15.45', 2, '1', 0, ''),
(440, 97, 79, 0, 0, 0, 34, 5, 0, 0, '2011-10-30', '14:45', 2, '2', 0, ''),
(439, 97, 76, 8, 0, 0, 78, 2, 0, 0, '2011-10-30', '11:45', 2, '2', 0, ''),
(438, 97, 53, 5, 0, 0, 74, 6, 0, 0, '2011-10-30', '18:45', 2, '1', 0, ''),
(437, 97, 32, 5, 0, 0, 77, 9, 0, 0, '2011-10-30', '10:45', 2, '1', 0, ''),
(33, 7, 19, -1, 0, 0, 25, -1, 0, 0, '2011-04-17', '17.45', 2, '2', 0, ''),
(436, 97, 30, 1, 0, 0, 33, 1, 0, 0, '2011-10-30', '14:45', 2, '1', 0, ''),
(35, 12, 39, 4, 0, 0, 40, 4, 0, 0, '2011-04-16', '17.45', 2, '1', 0, ''),
(36, 12, 41, 5, 0, 0, 42, 3, 0, 0, '2011-04-16', '14.45', 2, '1', 0, ''),
(37, 12, 48, 4, 0, 0, 43, 4, 0, 0, '2011-04-16', '15.45', 2, '1', 0, ''),
(38, 12, 45, 4, 0, 0, 46, 2, 0, 0, '2011-04-16', '16.45', 2, '1', 0, ''),
(435, 94, 72, 3, 0, 0, 73, 2, 0, 0, '2011-10-16', '16:45', 2, '2', 0, ''),
(40, 9, 28, 3, 0, 0, 30, 5, 0, 0, '2011-04-10', '11.45', 2, '1', 0, ''),
(41, 6, 23, 5, 0, 0, 24, -1, 0, 0, '2011-04-10', '11.45', 2, '2', 0, ''),
(434, 94, 9, 12, 0, 0, 57, 3, 0, 0, '2011-10-16', '17:45', 2, '1', 0, ''),
(433, 94, 10, 12, 0, 0, 6, 5, 0, 0, '2011-10-16', '15:45', 2, '1', 0, ''),
(44, 6, 18, 5, 0, 0, 17, 10, 0, 0, '2011-04-10', '14.45', 2, '1', 0, ''),
(591, 118, 39, 0, 0, 0, 48, 5, 0, 0, '2011-11-19', '14:45', 2, '2', 0, ''),
(46, 6, 20, 4, 0, 0, 14, 2, 0, 0, '2011-04-10', '15.45', 2, '1', 0, ''),
(47, 6, 19, 1, 0, 0, 16, 2, 0, 0, '2011-04-10', '15.45', 2, '2', 0, ''),
(431, 94, 1, 2, 0, 0, 56, 1, 0, 0, '2011-10-16', '10:30', 2, '2', 0, ''),
(592, 118, 89, 3, 0, 0, 87, 8, 0, 0, '2011-11-19', '12:45', 2, '2', 0, ''),
(429, 93, 52, 2, 0, 0, 35, 9, 0, 0, '2011-10-16', '09:30', 2, '2', 0, ''),
(428, 93, 51, 9, 0, 0, 61, 2, 0, 0, '2011-10-16', '16:45', 2, '2', 0, ''),
(52, 6, 15, 6, 0, 0, 25, 1, 0, 0, '2011-04-10', '18.45', 2, '2', 0, ''),
(53, 11, 45, 2, 0, 0, 43, 8, 0, 0, '2011-04-09', '13.45', 2, '1', 0, ''),
(54, 11, 41, 10, 0, 0, 39, 1, 0, 0, '2011-04-09', '14.45', 2, '1', 0, ''),
(55, 11, 46, -1, 0, 0, 42, 7, 0, 0, '2011-04-09', '--', 2, '-', 1, ''),
(56, 11, 44, -1, 0, 0, 40, -1, 0, 0, '2011-04-09', '16.45', 2, '1', 1, ''),
(427, 93, 58, 2, 0, 0, 62, 11, 0, 0, '2011-10-16', '15:45', 2, '2', 0, ''),
(426, 93, 60, 7, 0, 0, 47, 3, 0, 0, '2011-10-16', '14:45', 2, '2', 0, ''),
(425, 93, 5, 11, 0, 0, 59, 5, 0, 0, '2011-10-16', '10:00', 2, '2', 0, ''),
(424, 93, 27, 9, 0, 0, 55, 4, 0, 0, '2011-10-16', '11:45', 2, '1', 0, ''),
(423, 92, 76, 10, 0, 0, 79, 2, 0, 0, '2011-10-16', '10:00', 2, '1', 0, ''),
(422, 92, 74, 8, 0, 0, 33, 3, 0, 0, '2011-10-16', '17:45', 2, '1', 0, ''),
(63, 15, 39, 0, 0, 0, 43, 7, 0, 0, '2011-04-30', '12.45', 2, '1', 0, ''),
(64, 15, 45, 7, 0, 0, 48, 4, 0, 0, '2011-04-30', '13.45', 2, '1', 0, ''),
(65, 15, 41, 5, 0, 0, 46, 3, 0, 0, '2011-04-30', '15.45', 2, '1', 0, ''),
(66, 15, 40, 0, 0, 0, 42, 8, 0, 0, '2011-04-30', '16.45', 2, '1', 0, ''),
(421, 92, 77, 3, 0, 0, 75, 2, 0, 0, '2011-10-16', '10:30', 2, '1', 0, ''),
(420, 92, 53, 0, 0, 0, 34, 3, 1, 0, '2011-10-16', '18:45', 2, '1', 0, ''),
(419, 92, 32, 5, 0, 0, 78, 0, 0, 0, '2011-10-16', '19:45', 2, '1', 0, ''),
(418, 92, 30, 0, 0, 0, 31, 5, 0, 0, '2011-10-16', '09:30', 2, '1', 0, ''),
(417, 80, 8, 4, 0, 0, 56, 4, 0, 0, '2011-10-02', '18:45', 2, '2', 0, ''),
(416, 80, 88, 1, 0, 0, 72, 9, 0, 0, '2011-10-02', '16:45', 2, '1', 0, ''),
(73, 18, 27, 13, 0, 0, 28, 2, 0, 0, '2011-05-01', '10.45', 2, '1', 0, ''),
(415, 80, 10, 5, 0, 0, 73, 5, 0, 0, '2011-10-02', '17:45', 2, '1', 0, ''),
(414, 80, 11, 2, 0, 0, 57, 6, 0, 0, '2011-10-02', '16:45', 2, '1', 0, ''),
(413, 80, 1, 4, 0, 0, 9, 9, 0, 0, '2011-10-02', '15:45', 2, '1', 0, ''),
(77, 16, 12, 3, 0, 0, 37, 8, 0, 0, '2011-05-01', '13.45', 2, '1', 0, ''),
(412, 80, 13, 7, 0, 0, 6, 9, 0, 0, '2011-10-02', '12:45', 2, '1', 0, ''),
(411, 81, 52, 5, 0, 0, 58, 3, 0, 0, '2011-10-02', '19:45', 2, '2', 0, ''),
(410, 81, 60, 1, 0, 0, 55, 9, 0, 0, '2011-10-02', '13:45', 2, '2', 0, ''),
(409, 81, 59, 0, 0, 0, 61, 5, 0, 0, '2011-10-02', '14:45', 2, '2', 0, ''),
(408, 81, 47, 0, 0, 0, 35, 5, 0, 0, '2011-10-02', '--:--', 2, '2', 0, ''),
(407, 81, 5, 5, 0, 0, 62, 4, 0, 0, '2011-10-02', '15:45', 2, '2', 0, ''),
(406, 81, 27, 3, 0, 0, 51, 5, 0, 0, '2011-10-02', '11:45', 2, '2', 0, ''),
(405, 82, 31, 4, 0, 0, 78, 3, 0, 0, '2011-10-02', '12:45', 2, '1', 0, ''),
(404, 82, 76, 1, 0, 0, 34, 1, 0, 0, '2011-10-02', '14:45', 2, '1', 0, ''),
(88, 11, 40, 1, 0, 0, 48, 10, 0, 0, '2011-04-09', '--', 2, '-', 0, ''),
(403, 82, 77, 12, 0, 0, 79, 1, 0, 0, '2011-10-02', '--:--', 2, '1', 0, ''),
(91, 19, 45, 3, 0, 0, 42, 1, 0, 0, '2011-05-07', '13.45', 2, '1', 0, ''),
(92, 19, 43, 12, 0, 0, 40, 0, 0, 0, '2011-05-07', '14.45', 2, '1', 0, ''),
(93, 19, 41, 5, 0, 0, 48, 0, 0, 0, '2011-05-07', '15.45', 2, '1', 0, ''),
(94, 19, 39, 2, 0, 0, 46, 3, 0, 0, '2011-05-07', '16.45', 2, '1', 0, ''),
(402, 82, 53, 5, 0, 0, 33, 0, 0, 0, '2011-10-02', '17:45', 2, '1', 0, ''),
(401, 82, 32, 9, 0, 0, 74, 2, 0, 0, '2011-10-02', '18:45', 2, '1', 0, ''),
(97, 22, 28, 0, 0, 0, 35, 5, 0, 0, '2011-05-08', '--', 2, '2', 0, ''),
(400, 82, 30, 3, 0, 0, 75, 3, 0, 0, '2011-10-02', '--:--', 2, '1', 0, ''),
(399, 90, 48, 14, 0, 0, 40, 0, 0, 0, '2011-10-29', '16:45', 2, '2', 0, ''),
(398, 90, 83, 2, 0, 1, 87, 5, 1, 0, '2011-10-29', '13:45', 2, '2', 0, ''),
(101, 20, 37, 6, 0, 0, 7, 1, 0, 0, '2011-05-08', '13.45', 2, '2', 0, ''),
(397, 90, 41, 9, 0, 0, 80, 6, 0, 0, '2011-10-29', '12:45', 2, '2', 0, ''),
(396, 90, 81, -1, 0, 0, 82, -1, 0, 0, '2011-10-29', '15:45', 2, '2', 0, ''),
(395, 91, 43, 5, 0, 0, 84, 2, 0, 0, '2011-10-29', '13:45', 2, '1', 0, ''),
(394, 91, 36, 1, 0, 0, 45, 10, 0, 0, '2011-10-29', '16:45', 2, '1', 0, ''),
(393, 91, 85, 7, 0, 0, 46, 3, 0, 0, '2011-10-29', '14:45', 2, '2', 0, ''),
(392, 91, 42, 2, 0, 0, 86, 4, 0, 0, '2011-10-29', '14:45', 2, '1', 0, ''),
(391, 88, 83, 5, 1, 0, 80, 4, 0, 0, '2011-10-22', '13:45', 2, '2', 0, ''),
(390, 88, 41, 13, 0, 0, 40, 0, 0, 0, '2011-10-22', '15:45', 2, '2', 0, ''),
(389, 88, 81, -1, 0, 0, 87, -1, 0, 0, '2011-10-22', '16:45', 2, '2', 0, ''),
(111, 23, 39, 0, 0, 0, 48, 5, 0, 0, '2011-05-14', '13.45', 2, '1', 0, ''),
(112, 23, 42, 2, 0, 0, 43, 2, 0, 0, '2011-05-14', '14.45', 2, '1', 0, ''),
(113, 23, 45, 3, 0, 0, 41, 2, 0, 0, '2011-05-14', '15.45', 2, '1', 0, ''),
(114, 23, 46, 9, 0, 0, 40, 5, 0, 0, '2011-05-14', '16.45', 2, '1', 0, ''),
(115, 24, 41, 7, 0, 0, 40, 1, 0, 0, '2011-05-21', '13.45', 2, '1', 0, ''),
(116, 24, 43, 4, 0, 0, 46, 4, 0, 0, '2011-05-21', '14.45', 2, '1', 0, ''),
(117, 24, 45, 3, 0, 0, 39, 4, 0, 0, '2011-05-21', '15.45', 2, '1', 0, ''),
(118, 24, 42, 4, 0, 0, 48, 3, 0, 0, '2011-05-21', '16.45', 2, '1', 0, ''),
(388, 88, 39, 0, 0, 0, 82, 3, 0, 0, '2011-10-22', '12:45', 2, '2', 0, ''),
(387, 89, 36, 1, 0, 0, 46, 5, 0, 0, '2011-10-22', '16:45', 2, '1', 0, ''),
(386, 89, 85, 6, 0, 0, 84, 1, 0, 0, '2011-10-22', '13:45', 2, '1', 0, ''),
(122, 29, 28, 3, 0, 0, 32, 4, 0, 0, '2011-05-15', '11.45', 2, '2', 0, ''),
(594, 119, 43, 5, 0, 0, 46, 2, 0, 0, '2011-11-19', '16:45', 2, '1', 0, ''),
(383, 86, 41, 5, 0, 0, 87, 6, 0, 0, '2011-10-15', '13:45', 2, '2', 0, ''),
(382, 86, 82, 5, 0, 0, 83, 0, 0, 0, '2011-10-15', '15:45', 2, '1', 0, ''),
(127, 25, 37, 22, 0, 0, 6, 2, 0, 0, '2011-05-15', '13.45', 2, '2', 0, ''),
(381, 86, 81, -1, 0, 0, 80, -1, 0, 0, '2011-10-15', '16:45', 2, '2', 0, ''),
(599, 120, 54, 80, 0, 0, 46, 30, 0, 0, '2011-12-03', '16:45', 2, '2', 0, ''),
(379, 87, 85, 1, 0, 0, 45, 6, 0, 0, '2011-10-15', '14:45', 2, '1', 0, ''),
(378, 87, 86, 9, 0, 0, 36, 1, 0, 0, '2011-10-15', '16:45', 2, '1', 0, ''),
(377, 87, 42, 1, 0, 0, 46, 11, 0, 0, '2011-10-15', '14:45', 2, '1', 0, ''),
(376, 87, 43, 1, 0, 0, 54, 4, 0, 0, '2011-10-15', '12:45', 2, '1', 0, ''),
(375, 83, 87, 6, 0, 0, 48, 4, 0, 0, '2011-10-01', '15:45', 2, '2', 0, ''),
(373, 83, 81, -1, 0, 0, 40, -1, 0, 0, '2011-10-01', '16:45', 2, '2', 0, ''),
(372, 83, 39, 3, 0, 0, 41, 6, 0, 0, '2011-10-01', '14:45', 2, '2', 0, ''),
(370, 85, 86, 5, 0, 0, 46, 8, 0, 0, '2011-10-01', '14:45', 2, '1', 0, ''),
(369, 85, 42, 4, 1, 0, 84, 2, 0, 0, '2011-10-01', '13:45', 2, '1', 0, ''),
(141, 26, 11, 5, 0, 0, 37, 7, 0, 0, '2011-05-22', '14.45', 2, '2', 0, ''),
(368, 85, 54, 14, 0, 0, 85, 1, 0, 0, '2011-10-01', '12:45', 2, '1', 0, ''),
(367, 78, 83, 5, 0, 0, 40, 3, 0, 0, '2011-09-24', '16:45', 2, '2', 0, ''),
(583, 113, 89, 10, 0, 0, 83, 3, 0, 0, '2011-11-05', '16:45', 2, '1', 0, ''),
(364, 78, 39, 5, 0, 0, 80, 3, 0, 0, '2011-09-24', '12:45', 2, '1', 0, ''),
(363, 79, 36, 3, 1, 0, 84, 6, 0, 0, '2011-09-24', '13:45', 2, '2', 0, ''),
(148, 30, 28, 0, 0, 0, 33, 5, 0, 0, '2011-05-22', '16.45', 2, '2', 0, ''),
(362, 79, 86, 3, 0, 0, 45, 7, 0, 0, '2011-09-24', '14:45', 2, '1', 0, ''),
(361, 79, 42, 0, 0, 0, 43, 7, 0, 0, '2011-09-24', '16:45', 2, '1', 0, ''),
(151, 31, 43, 2, 0, 0, 41, 9, 0, 0, '2011-05-28', '13.45', 2, '1', 0, ''),
(152, 31, 45, -1, 0, 0, 40, -1, 0, 0, '2011-05-28', '--', 2, '1', 0, ''),
(153, 31, 39, 1, 0, 0, 42, 13, 0, 0, '2011-05-28', '14.45', 2, '1', 0, ''),
(154, 31, 46, 3, 0, 0, 48, 12, 0, 0, '2011-05-28', '15.45', 2, '1', 0, ''),
(155, 32, 45, 4, 0, 0, 43, 3, 0, 0, '2011-06-04', '13.45', 2, '1', 0, ''),
(156, 32, 41, 5, 0, 0, 39, 0, 0, 0, '2011-06-04', '14.45', 2, '1', 0, ''),
(157, 32, 46, 5, 0, 0, 42, 5, 0, 0, '2011-06-04', '15.45', 2, '1', 0, ''),
(158, 32, 40, 3, 0, 0, 48, 7, 0, 0, '2011-06-04', '16.45', 2, '1', 0, ''),
(159, 33, 40, 7, 0, 0, 39, 4, 0, 0, '2011-06-11', '13.45', 2, '1', 0, ''),
(160, 33, 41, 4, 0, 0, 42, 3, 0, 0, '2011-06-11', '14.45', 2, '1', 0, ''),
(161, 33, 43, -1, 0, 0, 48, -1, 0, 0, '2011-06-11', '15.45', 2, '1', 0, ''),
(162, 33, 45, 3, 0, 0, 46, 3, 0, 0, '2011-06-11', '16.45', 2, '1', 0, ''),
(163, 34, 39, -1, 0, 0, 43, -1, 0, 0, '2011-06-25', '13.45', 2, '1', 0, ''),
(164, 34, 45, -1, 0, 0, 48, -1, 0, 0, '2011-06-25', '14.45', 2, '1', 0, ''),
(165, 34, 41, -1, 0, 0, 46, -1, 0, 0, '2011-06-25', '15.45', 2, '1', 0, ''),
(166, 34, 40, -1, 0, 0, 42, -1, 0, 0, '2011-06-25', '16.45', 2, '1', 0, ''),
(167, 35, 45, -1, 0, 0, 42, -1, 0, 0, '2011-07-02', '13.45', 2, '1', 0, ''),
(168, 35, 43, 13, 0, 0, 40, 0, 0, 0, '2011-07-02', '14.45', 2, '1', 0, ''),
(169, 35, 41, 4, 0, 0, 48, 3, 0, 0, '2011-07-02', '15.45', 2, '1', 0, ''),
(170, 35, 39, 5, 0, 0, 46, 0, 0, 0, '2011-07-02', '16.45', 2, '1', 0, ''),
(171, 36, 39, -1, 0, 0, 48, -1, 0, 0, '2011-07-09', '13.45', 2, '1', 0, ''),
(172, 36, 43, -1, 0, 0, 42, -1, 0, 0, '2011-07-09', '14.45', 2, '1', 0, ''),
(173, 36, 45, -1, 0, 0, 41, -1, 0, 0, '2011-07-09', '15.45', 2, '1', 0, ''),
(174, 36, 46, -1, 0, 0, 40, -1, 0, 0, '2011-07-09', '16.45', 2, '1', 0, ''),
(175, 37, 41, -1, 0, 0, 40, -1, 0, 0, '2011-07-16', '13.45', 2, '1', 0, ''),
(176, 37, 43, -1, 0, 0, 46, -1, 0, 0, '2011-07-16', '14.45', 2, '1', 0, ''),
(177, 37, 45, -1, 0, 0, 39, -1, 0, 0, '2011-07-16', '15.45', 2, '1', 0, ''),
(178, 37, 42, -1, 0, 0, 48, -1, 0, 0, '2011-07-16', '16.45', 2, '1', 0, ''),
(179, 38, 43, -1, 0, 0, 41, -1, 0, 0, '2011-08-06', '13.45', 2, '1', 0, ''),
(180, 38, 45, -1, 0, 0, 40, -1, 0, 0, '2011-08-06', '14.45', 2, '1', 0, ''),
(181, 38, 39, -1, 0, 0, 42, -1, 0, 0, '2011-08-06', '15.45', 2, '1', 0, ''),
(182, 38, 46, -1, 0, 0, 48, -1, 0, 0, '2011-08-06', '16.45', 2, '1', 0, ''),
(360, 79, 54, 10, 0, 0, 46, 3, 0, 0, '2011-09-24', '13:45', 2, '1', 0, ''),
(359, 75, 11, 3, 0, 0, 56, 3, 1, 0, '2011-09-25', '14:45', 2, '2', 0, ''),
(185, 41, 28, 0, 0, 0, 34, 5, 0, 0, '2011-05-29', '11.45', 2, '1', 0, ''),
(358, 75, 9, 0, 0, 0, 73, 4, 0, 0, '2011-09-25', '17:45', 2, '2', 0, ''),
(357, 75, 10, 7, 0, 0, 57, 5, 0, 0, '2011-09-25', '16:45', 2, '1', 0, ''),
(602, 121, 54, -1, 0, 0, 43, -1, 0, 0, '2011-12-03', '11:45', 2, '1', 0, ''),
(355, 75, 1, 3, 0, 0, 8, 2, 0, 0, '2011-09-25', '17:45', 2, '2', 0, ''),
(190, 39, 1, 3, 0, 0, 37, 23, 0, 0, '2011-05-29', '13.45', 2, '2', 0, ''),
(354, 75, 13, 3, 0, 0, 72, 4, 1, 0, '2011-09-25', '11:45', 2, '2', 0, ''),
(353, 76, 62, 2, 0, 0, 55, 3, 0, 0, '2011-09-25', '13:45', 2, '1', 0, ''),
(352, 76, 58, 4, 0, 0, 35, 2, 0, 0, '2011-09-25', '11:45', 2, '2', 0, ''),
(351, 76, 51, 6, 0, 0, 59, 8, 0, 0, '2011-09-25', '10:45', 2, '2', 0, ''),
(350, 76, 47, 3, 1, 0, 61, 3, 0, 0, '2011-09-25', '15:45', 2, '2', 0, ''),
(349, 76, 5, 6, 0, 0, 60, 6, 1, 0, '2011-09-25', '13:45', 2, '2', 0, ''),
(348, 76, 27, 6, 0, 0, 52, 3, 0, 0, '2011-09-25', '10:45', 2, '1', 0, ''),
(347, 77, 34, 3, 0, 0, 75, 0, 0, 0, '2011-09-25', '12:45', 2, '1', 0, ''),
(346, 77, 74, 9, 0, 0, 79, 8, 0, 0, '2011-09-25', '15:45', 2, '1', 0, ''),
(200, 44, 28, 0, 0, 0, 36, 5, 0, 0, '2011-06-05', '10.45', 2, '2', 0, ''),
(345, 77, 77, 7, 0, 0, 33, 5, 0, 0, '2011-09-25', '14:45', 2, '1', 0, ''),
(344, 77, 53, 6, 0, 0, 78, 1, 0, 0, '2011-09-25', '18:45', 2, '1', 0, ''),
(343, 77, 32, 12, 0, 0, 31, 2, 0, 0, '2011-09-25', '09:45', 2, '1', 0, ''),
(342, 77, 30, 0, 1, 0, 76, 2, 1, 0, '2011-09-25', '12:45', 2, '1', 0, ''),
(341, 72, 73, 3, 1, 0, 8, 3, 3, 0, '2011-09-18', '18:45', 2, '2', 0, ''),
(340, 72, 72, 8, 1, 0, 6, 2, 1, 0, '2011-09-18', '11:45', 2, '1', 0, ''),
(339, 72, 10, 5, 1, 0, 9, 6, 1, 0, '2011-09-18', '16:45', 2, '2', 0, ''),
(208, 42, 37, 0, 0, 0, 10, 5, 0, 0, '2011-06-05', '14.45', 2, '2', 0, ''),
(338, 72, 1, 2, 0, 0, 57, 5, 0, 0, '2011-09-18', '18:45', 2, '2', 0, ''),
(337, 72, 13, 1, 0, 0, 11, 5, 0, 0, '2011-09-18', '15:45', 2, '2', 0, ''),
(336, 73, 62, 5, 0, 0, 51, 3, 0, 0, '2011-09-18', '15:45', 2, '1', 0, ''),
(335, 73, 59, 0, 0, 0, 35, 5, 0, 0, '2011-09-18', '12:45', 2, '1', 0, ''),
(334, 73, 58, 1, 0, 0, 55, 13, 0, 0, '2011-09-18', '14:45', 2, '1', 0, ''),
(333, 73, 47, 10, 0, 0, 52, 9, 0, 0, '2011-09-18', '__.__', 2, '2', 0, ''),
(332, 73, 5, 2, 0, 0, 61, 7, 0, 0, '2011-09-18', '14:45', 2, '2', 0, ''),
(331, 73, 27, 4, 0, 0, 60, 2, 0, 0, '2011-09-18', '12:45', 2, '1', 0, ''),
(330, 74, 34, 7, 0, 0, 78, 0, 0, 0, '2011-09-18', '17:45', 2, '2', 0, ''),
(218, 47, 28, 0, 0, 0, 47, 5, 0, 0, '2011-06-12', '11.45', 2, '1', 0, ''),
(329, 74, 79, 2, 0, 0, 31, 3, 0, 0, '2011-09-18', '10:45', 2, '1', 0, ''),
(328, 74, 76, 6, 1, 0, 75, 5, 0, 0, '2011-09-18', '13:45', 2, '2', 0, ''),
(327, 74, 77, 6, 0, 0, 74, 7, 0, 0, '2011-09-18', '13:45', 2, '1', 0, ''),
(326, 74, 32, 12, 0, 0, 33, 4, 0, 0, '2011-09-18', '16:45', 2, '1', 0, ''),
(325, 74, 30, 4, 0, 0, 53, 3, 0, 0, '2011-09-18', '17:45', 2, '1', 0, ''),
(224, 45, 13, 5, 0, 0, 37, 0, 0, 0, '2011-06-12', '14.45', 2, '1', 0, ''),
(603, 121, 89, 3, 0, 0, 48, 8, 0, 0, '2011-12-03', '16:45', 2, '1', 0, ''),
(323, 69, 73, 12, 0, 0, 6, 1, 0, 0, '2011-09-11', '16:45', 2, '1', 0, ''),
(322, 69, 9, 3, 1, 0, 72, 4, 1, 0, '2011-09-11', '14:45', 2, '1', 0, ''),
(321, 69, 10, 8, 0, 0, 11, 4, 0, 0, '2011-09-11', '13:45', 2, '2', 0, ''),
(320, 69, 1, 5, 0, 0, 13, 5, 0, 0, '2011-09-11', '12:45', 2, '1', 0, ''),
(315, 71, 34, 3, 0, 0, 31, 0, 0, 0, '2011-09-11', '17:45', 2, '1', 0, ''),
(316, 71, 33, 4, 0, 0, 78, 5, 0, 0, '2011-09-11', '17:45', 2, '2', 0, ''),
(310, 68, 40, 1, 0, 0, 87, 11, 0, 0, '2011-09-17', '15:45', 2, '2', 0, ''),
(311, 71, 30, 2, 0, 0, 32, 11, 0, 0, '2011-09-11', '09:45', 2, '1', 0, ''),
(236, 48, 9, 5, 0, 0, 37, 0, 0, 0, '2011-06-26', '13.45', 2, '1', 0, ''),
(319, 70, 60, 3, 0, 0, 62, 6, 0, 0, '2011-09-11', '15:45', 2, '1', 0, ''),
(318, 70, 47, 8, 0, 0, 51, 3, 0, 0, '2011-09-11', '10:45', 2, '2', 0, ''),
(317, 70, 27, 7, 0, 0, 5, 5, 0, 0, '2011-09-11', '10:45', 2, '1', 0, ''),
(312, 71, 53, 4, 0, 0, 77, 7, 0, 0, '2011-09-11', '11:45', 2, '1', 0, ''),
(313, 71, 74, 8, 0, 0, 76, 2, 0, 0, '2011-09-11', '12:45', 2, '1', 0, ''),
(314, 71, 79, 3, 0, 0, 75, 7, 0, 0, '2011-09-11', '13:45', 2, '1', 0, ''),
(309, 68, 82, 2, 0, 0, 48, 6, 0, 0, '2011-09-17', '13:45', 2, '2', 0, ''),
(307, 68, 39, 1, 1, 0, 83, 6, 1, 0, '2011-09-17', '14:45', 2, '2', 0, ''),
(305, 67, 86, 2, 0, 0, 43, 3, 0, 0, '2011-09-17', '14:45', 2, '1', 0, ''),
(306, 67, 84, 0, 0, 0, 45, 0, 0, 0, '2011-09-17', '16:45', 2, '1', 0, ''),
(304, 67, 42, 6, 0, 0, 85, 11, 0, 0, '2011-09-17', '12:45', 2, '1', 0, ''),
(303, 67, 36, 0, 0, 0, 54, 7, 0, 0, '2011-09-17', '13:45', 2, '1', 0, ''),
(261, 51, 8, 5, 0, 0, 37, 0, 0, 0, '2011-07-03', '--.--', 2, '2', 0, ''),
(262, 54, 10, 6, 0, 0, 7, 6, 0, 0, '2011-08-14', '16:45', 2, '1', 0, ''),
(263, 54, 9, 13, 0, 0, 1, 0, 0, 0, '2011-08-14', '15:45', 2, '1', 0, ''),
(264, 54, 8, 11, 0, 0, 6, 4, 0, 0, '2011-08-14', '16:45', 2, '1', 0, ''),
(265, 54, 12, 10, 0, 0, 13, 5, 0, 0, '2011-08-14', '17:45', 2, '1', 0, ''),
(266, 56, 27, 10, 0, 0, 30, 1, 0, 0, '2011-08-14', '11:45', 2, '2', 0, ''),
(267, 56, 47, 10, 0, 0, 32, 7, 0, 0, '2011-08-14', '12:45', 2, '2', 0, ''),
(268, 56, 35, 2, 0, 0, 31, 1, 0, 0, '2011-08-14', '13:45', 2, '2', 0, ''),
(269, 56, 33, 1, 0, 0, 34, 4, 0, 0, '2011-08-07', '17.45', 2, '2', 0, ''),
(270, 55, 56, 15, 0, 0, 53, 1, 0, 0, '2011-08-14', '10:45', 2, '1', 0, ''),
(271, 55, 57, 11, 0, 0, 59, 1, 0, 0, '2011-08-14', '09:45', 2, '2', 0, ''),
(272, 55, 54, 3, 0, 0, 52, 5, 0, 0, '2011-08-14', '10:45', 2, '2', 0, ''),
(273, 55, 55, 4, 0, 0, 51, 1, 0, 0, '2011-08-14', '15:45', 2, '2', 0, ''),
(274, 57, 41, 2, 0, 0, 48, 7, 0, 0, '2011-08-13', '13:45', 2, '1', 0, ''),
(275, 57, 42, 12, 0, 0, 40, 2, 0, 0, '2011-08-13', '14:45', 2, '1', 0, ''),
(276, 58, 1, 0, 0, 0, 6, 5, 0, 0, '2011-08-28', '13:45', 2, '1', 0, ''),
(277, 58, 7, 5, 0, 0, 5, 0, 0, 0, '2011-08-28', '13:45', 2, '2', 0, ''),
(278, 58, 11, 7, 0, 0, 13, 4, 0, 0, '2011-08-28', '14:45', 2, '1', 0, ''),
(279, 58, 9, 6, 0, 0, 10, 9, 0, 0, '2011-08-28', '15:45', 2, '1', 0, ''),
(280, 58, 8, 6, 0, 0, 12, 4, 0, 0, '2011-08-28', '16:45', 2, '1', 0, ''),
(281, 59, 56, 4, 0, 0, 55, 3, 0, 0, '2011-08-28', '14:45', 2, '2', 0, ''),
(282, 59, 58, 0, 0, 0, 51, 5, 0, 0, '2011-08-28', '12:45', 2, '2', 0, ''),
(283, 60, 35, 5, 0, 0, 47, 0, 0, 0, '2011-08-28', '11:45', 2, '2', 0, ''),
(284, 60, 31, 2, 0, 0, 32, 8, 0, 0, '2011-08-28', '12:45', 2, '1', 0, ''),
(285, 61, 39, 0, 0, 0, 42, 1, 0, 0, '2011-08-27', '13:45', 2, '1', 0, ''),
(286, 61, 46, -1, 0, 0, 40, -1, 0, 0, '2011-08-27', '14:45', 2, '1', 0, ''),
(287, 60, 27, 4, 0, 0, 34, 1, 0, 0, '2011-08-28', '09.45', 2, '1', 0, ''),
(288, 60, 33, 4, 0, 0, 30, 1, 0, 0, '2011-08-28', '17.45', 2, '1', 0, ''),
(289, 62, 10, -1, 0, 0, 8, -1, 0, 0, '2011-09-04', '15:45', 2, '1', 0, ''),
(290, 62, 9, -1, 0, 0, 12, -1, 0, 0, '2011-09-04', '13:45', 2, '1', 0, ''),
(291, 63, 34, -1, 0, 0, 47, -1, 0, 0, '2011-09-04', '10:45', 2, '1', 0, ''),
(292, 64, 41, -1, 0, 0, 45, -1, 0, 0, '2011-09-03', '12:45', 2, '1', 0, ''),
(293, 64, 43, -1, 0, 0, 48, -1, 0, 0, '2011-09-03', '15:45', 2, '1', 0, ''),
(294, 59, 57, -1, 0, 0, 52, -1, 0, 0, '2011-09-04', '17:45', 2, '1', 0, ''),
(295, 65, 42, 2, 0, 0, 54, 8, 0, 0, '2011-09-10', '12:45', 2, '1', 0, ''),
(296, 65, 86, 2, 0, 0, 85, 8, 0, 0, '2011-09-10', '12:45', 2, '2', 0, ''),
(297, 65, 36, 2, 0, 0, 43, 5, 0, 0, '2011-09-10', '13:45', 2, '1', 0, ''),
(298, 65, 46, 6, 0, 0, 84, 2, 0, 0, '2011-09-10', '16:45', 2, '1', 0, ''),
(300, 66, 82, 5, 0, 0, 41, 0, 0, 0, '2011-09-10', '14:45', 2, '2', 0, ''),
(301, 66, 48, 5, 0, 0, 83, 4, 0, 0, '2011-09-10', '15:45', 2, '2', 0, ''),
(302, 66, 40, 2, 0, 0, 80, 3, 0, 0, '2011-09-10', '16:45', 2, '2', 0, ''),
(444, 96, 47, 0, 0, 0, 55, 5, 0, 0, '2011-10-30', '13:45', 2, '1', 0, ''),
(445, 96, 51, 9, 0, 0, 58, 0, 0, 0, '2011-10-30', '13:45', 2, '2', 0, ''),
(446, 96, 61, 10, 0, 0, 60, 7, 0, 0, '2011-10-30', '15:45', 2, '1', 0, ''),
(447, 96, 62, 2, 0, 0, 35, 1, 0, 0, '2011-10-30', '15:45', 2, '2', 0, ''),
(448, 95, 13, 4, 0, 0, 57, 5, 0, 0, '2011-10-30', '16:45', 2, '1', 0, ''),
(449, 103, 10, 5, 0, 0, 88, 0, 0, 0, '2011-11-13', '13:45', 2, '2', 0, ''),
(450, 95, 11, 5, 0, 0, 9, 16, 0, 0, '2011-10-30', '17:45', 2, '1', 0, ''),
(451, 95, 72, 9, 0, 0, 56, 3, 0, 0, '2011-10-30', '12:45', 2, '2', 0, ''),
(590, 118, 82, 5, 0, 0, 80, 0, 0, 0, '2011-11-19', '14:45', 2, '1', 0, ''),
(453, 95, 6, 6, 0, 0, 8, 8, 0, 0, '2011-10-30', '17:45', 2, '1', 0, ''),
(454, 100, 30, 1, 0, 0, 77, 1, 0, 0, '2011-11-06', '11:45', 2, '1', 0, ''),
(455, 100, 32, 2, 0, 0, 34, 1, 0, 0, '2011-11-06', '10:45', 2, '1', 0, ''),
(456, 100, 53, 4, 0, 0, 31, 3, 0, 0, '2011-11-06', '17:45', 2, '1', 0, ''),
(457, 100, 74, 4, 0, 0, 75, 1, 0, 0, '2011-11-06', '12:45', 2, '1', 0, ''),
(458, 100, 76, 5, 0, 0, 33, 0, 0, 0, '2011-11-06', '--:--', 2, '1', 0, ''),
(459, 100, 78, 6, 0, 0, 79, 3, 0, 0, '2011-11-06', '14:45', 2, '1', 0, ''),
(460, 99, 5, 5, 0, 0, 58, 0, 0, 0, '2011-11-06', '15:45', 2, '2', 0, ''),
(461, 99, 47, 8, 0, 0, 59, 2, 0, 0, '2011-11-06', '11:45', 2, '2', 0, ''),
(462, 99, 51, 3, 0, 0, 35, 3, 0, 0, '2011-11-06', '14:45', 2, '2', 0, ''),
(463, 99, 60, 9, 0, 0, 52, 3, 0, 0, '2011-11-06', '13:45', 2, '2', 0, ''),
(464, 99, 62, 6, 0, 0, 27, 3, 0, 0, '2011-11-06', '--:--', 2, '1', 0, ''),
(465, 99, 61, 3, 0, 0, 55, 4, 0, 0, '2011-11-06', '15:45', 2, '2', 0, ''),
(466, 98, 13, -1, 0, 0, 10, -1, 0, 0, '2011-11-06', '--:--', 2, '1', 0, ''),
(589, 119, 42, 0, 0, 0, 45, 7, 0, 0, '2011-11-19', '15:45', 2, '1', 0, ''),
(468, 98, 11, 1, 0, 0, 8, 8, 0, 0, '2011-11-06', '17:45', 2, '2', 0, ''),
(469, 106, 88, -1, 0, 0, 9, -1, 0, 0, '2011-11-20', '__:__', 2, '2', 0, ''),
(470, 98, 72, 3, 2, 0, 57, 1, 0, 0, '2011-11-06', '16:45', 2, '1', 0, ''),
(471, 98, 56, 2, 0, 0, 73, 5, 0, 0, '2011-11-06', '18:45', 2, '2', 0, ''),
(472, 70, 59, 5, 0, 0, 58, 0, 0, 0, '2011-09-11', '__:__', 2, '1', 0, ''),
(473, 115, 54, 8, 0, 0, 84, 2, 2, 0, '2011-11-05', '13:45', 2, '1', 0, ''),
(474, 115, 42, 4, 0, 0, 36, 2, 1, 0, '2011-11-05', '14:45', 2, '1', 0, ''),
(475, 115, 85, 3, 0, 0, 43, 3, 0, 0, '2011-11-05', '15:45', 2, '1', 0, ''),
(476, 115, 45, 10, 0, 0, 46, 17, 0, 0, '2011-11-05', '16:45', 2, '1', 0, ''),
(477, 113, 39, 0, 0, 0, 40, 5, 0, 0, '2011-11-05', '14:45', 2, '2', 0, ''),
(478, 113, 81, -1, 0, 0, 83, -1, 0, 0, '2011-11-05', '16:45', 2, '2', 0, ''),
(479, 114, 41, -1, 0, 0, 48, -1, 0, 0, '2011-11-05', '13:45', 2, '2', 0, ''),
(480, 78, 87, 5, 0, 0, 82, 3, 0, 0, '2011-09-24', '12:45', 2, '1', 0, ''),
(481, 101, 30, 0, 0, 0, 74, 5, 0, 0, '2011-11-13', '18:45', 2, '1', 0, ''),
(482, 101, 32, 12, 0, 0, 53, 6, 0, 0, '2011-11-13', '09:45', 2, '1', 0, ''),
(483, 101, 77, 9, 1, 0, 34, 0, 0, 0, '2011-11-13', '12:45', 2, '1', 0, ''),
(484, 101, 31, 0, 0, 0, 76, 5, 0, 0, '2011-11-13', '--:--', 2, '1', 0, ''),
(485, 101, 79, 3, 0, 0, 33, 7, 0, 0, '2011-11-13', '17:45', 2, '1', 0, ''),
(486, 101, 75, 6, 0, 0, 78, 2, 0, 0, '2011-11-13', '11:45', 2, '2', 0, ''),
(487, 102, 27, 7, 0, 0, 47, 15, 0, 0, '2011-11-13', '10:45', 2, '1', 0, ''),
(488, 102, 5, 8, 0, 0, 35, 3, 0, 0, '2011-11-13', '14:45', 2, '1', 0, ''),
(489, 102, 51, 4, 0, 0, 52, 2, 0, 0, '2011-11-13', '--:--', 2, '2', 0, ''),
(490, 102, 59, 4, 0, 0, 55, 9, 0, 0, '2011-11-13', '--:--', 2, '1', 0, ''),
(491, 102, 60, 5, 0, 0, 58, 0, 0, 0, '2011-11-13', '13:45', 2, '2', 0, ''),
(492, 102, 62, 2, 1, 0, 61, 1, 0, 0, '2011-11-13', '16:45', 2, '1', 0, ''),
(493, 103, 13, 0, 0, 0, 9, 5, 0, 0, '2011-11-13', '14:45', 2, '1', 0, ''),
(494, 103, 1, 5, 2, 0, 11, 2, 0, 0, '2011-11-13', '15:45', 2, '1', 0, ''),
(588, 119, 54, 12, 0, 0, 86, 4, 0, 0, '2011-11-19', '12:45', 2, '1', 0, ''),
(496, 103, 72, 2, 0, 0, 8, 2, 0, 0, '2011-11-13', '16:45', 2, '1', 0, ''),
(497, 95, 73, 12, 0, 0, 88, 2, 0, 0, '2011-10-30', '18:45', 2, '2', 0, ''),
(498, 103, 6, 3, 0, 0, 56, 4, 0, 0, '2011-11-13', '15:45', 2, '2', 0, ''),
(499, 104, 30, 8, 0, 0, 78, 4, 0, 0, '2011-11-20', '13:45', 2, '1', 0, ''),
(500, 104, 32, 18, 0, 0, 79, 2, 0, 0, '2011-11-20', '10:45', 2, '1', 0, ''),
(501, 104, 53, 0, 0, 0, 76, 2, 0, 0, '2011-11-20', '11:45', 2, '1', 0, ''),
(502, 104, 77, 7, 0, 0, 31, 1, 0, 0, '2011-11-20', '11:45', 2, '1', 0, ''),
(503, 104, 74, 1, 0, 0, 34, 5, 1, 0, '2011-11-20', '16:45', 2, '1', 0, ''),
(504, 104, 75, 3, 0, 0, 33, 3, 0, 0, '2011-11-20', '15:45', 2, '1', 0, ''),
(505, 105, 27, 0, 0, 0, 35, 5, 0, 0, '2011-11-20', '14:45', 2, '2', 0, ''),
(506, 105, 5, 7, 0, 0, 55, 1, 0, 0, '2011-11-20', '12:45', 2, '2', 0, ''),
(600, 105, 62, 6, 0, 0, 47, 9, 0, 0, '2011-11-20', '13:45', 2, '1', 0, ''),
(508, 105, 51, 4, 0, 0, 60, 5, 0, 0, '2011-11-20', '14:45', 2, '2', 0, ''),
(509, 105, 58, 0, 0, 0, 61, 5, 0, 0, '2011-11-20', '10:45', 2, '2', 0, ''),
(510, 105, 59, 0, 0, 0, 52, 5, 0, 0, '2011-11-20', '17:45', 2, '2', 0, ''),
(511, 112, 13, -1, 0, 0, 88, -1, 0, 0, '2011-12-18', '13:45', 2, '2', 0, ''),
(512, 106, 1, -1, 0, 0, 73, -1, 0, 0, '2011-11-20', '18:45', 2, '1', 0, ''),
(513, 106, 11, -1, 0, 0, 72, -1, 0, 0, '2011-11-20', '--:--', 2, '2', 0, ''),
(514, 106, 10, -1, 0, 0, 8, -1, 0, 0, '2011-11-20', '--:--', 2, '1', 0, ''),
(587, 119, 45, 3, 0, 0, 43, 3, 0, 0, '2011-11-19', '13:45', 2, '1', 0, ''),
(595, 106, 6, -1, 0, 0, 57, -1, 0, 0, '2011-11-20', '17:45', 2, '1', 0, ''),
(517, 107, 30, 5, 0, 0, 79, 0, 0, 0, '2011-12-04', '11:45', 2, '1', 0, ''),
(518, 107, 32, 6, 1, 0, 76, 6, 0, 0, '2011-12-04', '17:45', 2, '1', 0, ''),
(519, 107, 53, 7, 0, 0, 75, 2, 0, 0, '2011-10-02', '10:45', 2, '1', 0, ''),
(520, 107, 77, 9, 0, 0, 78, 1, 0, 0, '2011-12-04', '11:45', 2, '1', 0, ''),
(522, 107, 33, 0, 0, 0, 34, 5, 0, 0, '2011-12-04', '14:45', 2, '1', 0, ''),
(523, 108, 27, 5, 0, 0, 58, 0, 0, 0, '2011-12-04', '--:--', 2, '1', 0, ''),
(524, 108, 5, 9, 0, 0, 47, 16, 0, 0, '2011-12-04', '10:45', 2, '1', 0, ''),
(525, 108, 51, 1, 0, 0, 55, 7, 0, 0, '2011-12-04', '15:45', 2, '1', 0, ''),
(526, 108, 61, 7, 1, 0, 52, 4, 1, 0, '2011-12-04', '15:45', 2, '1', 0, ''),
(527, 108, 59, 1, 0, 0, 62, 9, 0, 0, '2011-12-04', '12:45', 2, '1', 0, ''),
(528, 108, 60, 1, 0, 0, 35, 3, 1, 0, '2011-12-04', '13:45', 2, '1', 0, ''),
(529, 109, 13, -1, 0, 0, 73, -1, 0, 0, '2011-12-04', '17:45', 2, '1', 0, ''),
(530, 109, 1, -1, 0, 0, 72, -1, 0, 0, '2011-12-04', '--:--', 2, '1', 0, ''),
(531, 94, 11, 10, 0, 0, 88, 1, 2, 0, '2011-10-16', '18:45', 2, '1', 0, ''),
(532, 109, 10, -1, 0, 0, 56, -1, 0, 0, '2011-12-04', '13:45', 2, '1', 0, ''),
(533, 109, 9, -1, 0, 0, 8, -1, 0, 0, '2011-12-04', '--:--', 2, '1', 0, ''),
(535, 110, 30, 0, 0, 0, 34, 5, 0, 0, '2011-12-18', '09:45', 2, '1', 0, ''),
(536, 110, 32, 14, 0, 0, 75, 3, 0, 0, '2011-12-18', '10:45', 2, '1', 0, ''),
(537, 110, 53, 5, 0, 0, 79, 0, 0, 0, '2011-12-18', '__:__', 2, '1', 0, ''),
(538, 110, 77, 0, 0, 0, 76, 5, 0, 0, '2011-12-18', '10:45', 2, '1', 0, ''),
(539, 110, 74, 6, 0, 0, 78, 2, 0, 0, '2011-12-18', '15:45', 2, '1', 0, ''),
(540, 110, 31, 5, 0, 0, 33, 0, 0, 0, '2011-12-18', '__:__', 2, '1', 0, ''),
(541, 111, 27, 2, 0, 0, 61, 10, 0, 0, '2011-12-18', '12:45', 2, '2', 0, ''),
(542, 111, 5, 0, 0, 0, 51, 16, 0, 0, '2011-12-18', '11:45', 2, '2', 0, ''),
(543, 111, 47, 5, 0, 0, 58, 0, 0, 0, '2011-12-18', '__:__', 2, '2', 0, ''),
(544, 111, 59, 2, 0, 0, 60, 23, 0, 0, '2011-12-18', '14:45', 2, '2', 0, ''),
(545, 111, 62, 6, 0, 0, 52, 1, 1, 0, '2011-12-18', '18:45', 2, '2', 0, ''),
(547, 111, 35, 2, 0, 0, 55, 4, 0, 0, '2011-12-18', '17:45', 2, '2', 0, ''),
(549, 112, 1, -1, 0, 0, 6, -1, 0, 0, '2011-12-18', '17:45', 2, '1', 0, ''),
(550, 112, 11, -1, 0, 0, 73, -1, 0, 0, '2011-12-18', '13:45', 2, '1', 0, ''),
(552, 112, 9, -1, 0, 0, 56, -1, 0, 0, '2011-12-18', '14:45', 2, '1', 0, ''),
(553, 112, 8, -1, 0, 0, 57, -1, 0, 0, '2011-12-18', '__:__', 2, '1', 0, ''),
(554, 117, 54, 9, 0, 0, 45, 8, 0, 0, '2011-11-12', '13:45', 2, '1', 0, ''),
(555, 117, 86, 5, 0, 0, 84, 0, 0, 0, '2011-11-12', '15:45', 2, '1', 0, ''),
(556, 117, 85, 5, 0, 0, 36, 0, 0, 0, '2011-11-12', '14:45', 2, '1', 0, ''),
(557, 117, 46, -1, 0, 0, 43, -1, 0, 0, '2011-11-12', '16:45', 2, '1', 0, ''),
(558, 116, 39, 1, 0, 0, 87, 9, 0, 0, '2011-11-12', '15:45', 2, '2', 0, ''),
(559, 116, 82, 5, 0, 0, 40, 0, 0, 0, '2011-11-12', '14:45', 2, '2', 0, ''),
(560, 116, 41, -1, 0, 0, 83, -1, 0, 0, '2011-11-12', '16:45', 2, '2', 0, ''),
(561, 116, 80, 3, 0, 0, 48, 8, 0, 0, '2011-11-12', '13:45', 2, '2', 0, ''),
(562, 75, 6, 11, 0, 0, 88, 4, 0, 0, '2011-09-25', '__:__', 2, '1', 0, ''),
(564, 94, 8, 7, 1, 0, 13, 3, 0, 0, '2011-10-16', '19:45', 2, '1', 0, ''),
(565, 95, 1, 4, 0, 0, 10, 7, 0, 0, '2011-10-30', '16:45', 2, '2', 0, ''),
(566, 98, 9, 13, 0, 0, 6, 4, 0, 0, '2011-11-06', '16:45', 2, '1', 0, ''),
(567, 103, 57, 4, 0, 0, 73, 9, 1, 0, '2011-11-13', '17:45', 2, '1', 0, ''),
(568, 72, 56, 7, 0, 0, 88, 2, 1, 0, '2011-09-18', '__:__', 2, '1', 0, ''),
(596, 106, 56, -1, 0, 0, 13, -1, 0, 0, '2011-11-20', '12:45', 2, '1', 0, ''),
(570, 109, 11, -1, 0, 0, 6, -1, 0, 0, '2011-12-04', '14:45', 2, '1', 0, ''),
(571, 112, 10, -1, 0, 0, 72, -1, 0, 0, '2011-12-18', '__:__', 2, '1', 0, ''),
(572, 109, 57, -1, 0, 0, 88, -1, 0, 0, '2011-12-04', '16:45', 2, '1', 0, ''),
(619, 121, 87, 4, 0, 0, 82, 3, 0, 0, '2011-12-03', '15:45', 2, '1', 0, ''),
(574, 70, 61, 2, 0, 0, 35, 2, 1, 0, '2011-10-02', '--:--', 2, '2', 0, ''),
(575, 66, 89, 6, 1, 0, 39, 0, 0, 0, '2011-09-10', '13:45', 2, '1', 0, ''),
(576, 68, 89, 6, 0, 0, 41, 3, 0, 0, '2011-09-17', '14:45', 2, '1', 0, ''),
(577, 78, 89, 9, 0, 0, 48, 8, 1, 0, '2011-09-24', '15:45', 2, '1', 0, ''),
(578, 83, 89, 12, 0, 0, 40, 2, 0, 0, '2011-10-01', '16:45', 2, '1', 0, ''),
(579, 86, 89, 13, 0, 0, 80, 0, 0, 0, '2011-10-15', '16:45', 2, '1', 0, ''),
(593, 118, 83, 5, 0, 0, 41, 0, 0, 0, '2011-11-19', '13:45', 2, '2', 0, ''),
(581, 90, 89, 5, 1, 0, 82, 3, 0, 0, '2011-10-29', '15:45', 2, '1', 0, ''),
(582, 114, 89, -1, 0, 0, 83, -1, 0, 0, '2011-11-05', '16:45', 2, '1', 0, ''),
(584, 113, 41, 3, 0, 0, 48, 8, 0, 0, '2011-11-05', '13:45', 2, '1', 0, ''),
(585, 113, 87, 7, 0, 0, 80, 2, 0, 0, '2011-11-05', '15:45', 2, '2', 0, ''),
(586, 69, 57, -1, 0, 0, 56, -1, 0, 0, '2011-09-11', '__:__', 2, '1', 0, ''),
(604, 121, 85, 5, 0, 0, 46, 5, 0, 0, '2011-12-03', '17:45', 2, '1', 0, ''),
(605, 124, 83, 1, 1, 0, 45, 6, 0, 0, '2011-12-03', '16:45', 2, '2', 0, ''),
(606, 124, 41, 0, 0, 0, 86, 5, 0, 0, '2011-12-03', '12:45', 2, '2', 0, ''),
(607, 124, 39, 3, 0, 0, 42, 0, 2, 0, '2011-12-03', '13:45', 2, '2', 0, ''),
(608, 124, 84, 6, 0, 0, 36, 1, 0, 0, '2011-12-03', '14:45', 2, '2', 0, ''),
(609, 124, 80, 5, 0, 0, 40, 0, 0, 0, '2011-12-03', '17:45', 2, '2', 0, ''),
(610, 122, 87, 1, 0, 0, 89, 7, 0, 0, '2011-12-17', '14:45', 2, '1', 0, ''),
(611, 122, 82, 9, 0, 0, 46, 7, 0, 0, '2011-12-17', '14:45', 2, '1', 0, ''),
(612, 122, 54, 2, 0, 0, 48, 3, 0, 0, '2011-12-17', '12:45', 2, '1', 0, ''),
(613, 122, 43, 2, 1, 0, 85, 3, 0, 0, '2011-12-17', '13:45', 2, '1', 0, ''),
(614, 123, 83, 0, 0, 0, 84, 4, 1, 0, '2011-12-17', '12:45', 2, '2', 0, ''),
(615, 123, 45, 6, 1, 0, 80, 5, 0, 0, '2011-12-17', '15:45', 2, '2', 0, ''),
(616, 123, 41, 7, 0, 0, 39, 5, 0, 0, '2011-12-17', '13:45', 2, '2', 0, ''),
(617, 123, 86, 5, 0, 0, 40, 0, 0, 0, '2011-12-17', '16:45', 2, '2', 0, ''),
(618, 123, 42, 5, 0, 0, 36, 3, 0, 0, '2011-12-17', '15:45', 2, '2', 0, ''),
(620, 70, 52, 3, 0, 0, 55, 3, 0, 0, '2011-09-11', '14:45', 2, '1', 0, ''),
(621, 125, 87, -1, 0, 0, 46, -1, 0, 0, '2012-03-03', '14:45', 2, '1', 0, ''),
(622, 125, 82, 1, 0, 0, 43, 7, 0, 0, '2012-03-03', '15:45', 2, '1', 0, ''),
(623, 125, 54, 7, 0, 0, 89, 4, 0, 0, '2012-03-03', '13:45', 2, '1', 0, ''),
(624, 125, 48, 9, 0, 0, 85, 5, 0, 0, '2012-03-03', '13:45', 2, '2', 0, ''),
(625, 126, 83, 1, 0, 0, 86, 5, 0, 0, '2012-03-03', '16:45', 2, '1', 0, ''),
(626, 126, 45, -1, 0, 0, 40, -1, 0, 0, '2012-03-03', '16:45', 2, '2', 0, ''),
(627, 126, 41, 4, 0, 0, 84, 2, 0, 0, '2012-03-03', '12:45', 2, '1', 0, ''),
(628, 126, 39, -1, 0, 0, 36, -1, 0, 0, '2012-03-03', '14:45', 2, '2', 0, ''),
(629, 126, 42, 3, 0, 0, 80, 5, 0, 0, '2012-03-03', '15:45', 2, '2', 0, ''),
(630, 127, 87, 2, 0, 0, 48, 7, 0, 0, '2012-03-10', '15:45', 2, '1', 0, ''),
(631, 127, 82, 6, 0, 0, 85, 6, 0, 0, '2012-03-10', '15:45', 2, '2', 0, ''),
(632, 127, 54, 9, 0, 0, 46, 3, 0, 0, '2012-03-10', '13:45', 2, '1', 0, ''),
(633, 127, 43, 10, 1, 0, 89, 5, 0, 0, '2012-03-10', '16:45', 2, '1', 0, ''),
(634, 128, 83, 5, 0, 0, 80, 0, 0, 0, '2012-03-10', '12:45', 2, '1', 0, ''),
(635, 128, 45, 8, 0, 0, 41, 5, 0, 0, '2012-03-10', '13:45', 2, '2', 0, ''),
(636, 128, 86, 2, 0, 0, 36, 1, 0, 0, '2012-03-10', '14:45', 2, '2', 0, ''),
(637, 128, 39, -1, 0, 0, 40, -1, 0, 0, '2012-03-10', '14:45', 2, '2', 0, ''),
(638, 128, 42, 3, 0, 0, 84, 4, 0, 0, '2012-03-10', '12:45', 2, '2', 0, ''),
(639, 129, 87, -1, 0, 0, 54, -1, 0, 0, '2012-03-17', '12:45', 2, '1', 0, ''),
(640, 129, 82, -1, 0, 0, 48, -1, 0, 0, '2012-03-17', '13:45', 2, '1', 0, ''),
(641, 129, 43, -1, 0, 0, 46, -1, 0, 0, '2012-03-17', '15:45', 2, '1', 0, ''),
(642, 129, 89, -1, 0, 0, 85, -1, 0, 0, '2012-03-17', '16:45', 2, '1', 0, ''),
(643, 130, 83, -1, 0, 0, 36, -1, 0, 0, '2012-03-17', '14:45', 2, '1', 0, ''),
(644, 130, 45, -1, 0, 0, 42, -1, 0, 0, '2012-03-17', '13:45', 2, '2', 0, ''),
(645, 130, 41, -1, 0, 0, 40, -1, 0, 0, '2012-03-17', '14:45', 2, '2', 0, ''),
(646, 130, 86, -1, 0, 0, 39, -1, 0, 0, '2012-03-17', '15:45', 2, '2', 0, ''),
(647, 130, 84, -1, 0, 0, 80, -1, 0, 0, '2012-03-17', '12:45', 2, '2', 0, ''),
(648, 131, 87, -1, 0, 0, 43, -1, 0, 0, '2012-03-24', '14:45', 2, '1', 0, ''),
(649, 131, 82, -1, 0, 0, 89, -1, 0, 0, '2012-03-24', '16:45', 2, '1', 0, ''),
(650, 131, 85, -1, 0, 0, 54, -1, 0, 0, '2012-03-24', '12:45', 2, '1', 0, ''),
(651, 131, 48, -1, 0, 0, 46, -1, 0, 0, '2012-03-24', '15:45', 2, '1', 0, ''),
(652, 132, 83, -1, 0, 0, 42, -1, 0, 0, '2012-03-24', '13:45', 2, '2', 0, ''),
(653, 132, 45, -1, 0, 0, 86, -1, 0, 0, '2012-03-24', '13:45', 2, '2', 0, ''),
(654, 132, 41, -1, 0, 0, 80, -1, 0, 0, '2012-03-24', '14:45', 2, '2', 0, ''),
(655, 132, 39, -1, 0, 0, 84, -1, 0, 0, '2012-03-24', '15:45', 2, '2', 0, ''),
(656, 132, 36, -1, 0, 0, 40, -1, 0, 0, '2012-03-17', '16:45', 2, '2', 0, ''),
(657, 133, 87, -1, 0, 0, 85, -1, 0, 0, '2012-04-14', '16:45', 2, '1', 0, ''),
(658, 133, 82, -1, 0, 0, 54, -1, 0, 0, '2012-04-14', '12:45', 2, '1', 0, ''),
(659, 133, 43, -1, 0, 0, 48, -1, 0, 0, '2012-04-14', '15:45', 2, '1', 0, ''),
(660, 133, 89, -1, 0, 0, 46, -1, 0, 0, '2012-04-14', '15:45', 2, '2', 0, ''),
(661, 134, 83, -1, 0, 0, 40, -1, 0, 0, '2012-04-14', '13:45', 2, '1', 0, ''),
(662, 134, 84, -1, 0, 0, 45, -1, 0, 0, '2012-04-14', '12:45', 2, '2', 0, ''),
(663, 134, 41, -1, 0, 0, 36, -1, 0, 0, '2012-04-14', '14:45', 2, '2', 0, ''),
(664, 135, 83, -1, 0, 0, 39, -1, 0, 0, '2012-04-21', '13:45', 2, '1', 0, ''),
(665, 135, 45, -1, 0, 0, 36, -1, 0, 0, '2012-04-21', '15:45', 2, '1', 0, ''),
(666, 135, 41, -1, 0, 0, 42, -1, 0, 0, '2012-04-21', '15:45', 2, '2', 0, ''),
(667, 135, 86, -1, 0, 0, 80, -1, 0, 0, '2012-04-21', '14:45', 2, '1', 0, ''),
(668, 135, 84, -1, 0, 0, 40, -1, 0, 0, '2012-04-21', '12:45', 2, '1', 0, ''),
(669, 136, 83, -1, 0, 0, 41, -1, 0, 0, '2012-05-05', '13:45', 2, '1', 0, ''),
(670, 136, 45, -1, 0, 0, 39, -1, 0, 0, '2012-05-05', '14:45', 2, '1', 0, ''),
(671, 136, 86, -1, 0, 0, 84, -1, 0, 0, '2012-05-05', '13:45', 2, '2', 0, ''),
(672, 136, 42, -1, 0, 0, 40, -1, 0, 0, '2012-05-05', '15:45', 2, '1', 0, ''),
(673, 136, 36, -1, 0, 0, 80, -1, 0, 0, '2012-05-05', '15:45', 2, '2', 0, ''),
(674, 134, 86, -1, 0, 0, 42, -1, 0, 0, '2012-04-14', '14:45', 2, '2', 0, ''),
(675, 134, 39, -1, 0, 0, 80, -1, 0, 0, '2012-04-14', '13:45', 2, '2', 0, ''),
(676, 137, 73, -1, 0, 0, 11, -1, 0, 0, '2012-03-11', '17:45', 2, '1', 0, ''),
(677, 137, 10, -1, 0, 0, 1, -1, 0, 0, '2012-03-11', '15:45', 2, '1', 0, ''),
(678, 137, 8, -1, 0, 0, 56, -1, 0, 0, '2012-03-11', '16:45', 2, '1', 0, ''),
(679, 137, 9, -1, 0, 0, 57, -1, 0, 0, '2012-03-11', '14:45', 2, '1', 0, ''),
(680, 138, 55, -1, 0, 0, 51, -1, 0, 0, '2012-03-11', '13:45', 2, '1', 0, ''),
(681, 138, 62, 4, 0, 0, 35, 1, 0, 0, '2012-03-11', '15:45', 2, '2', 0, ''),
(682, 138, 61, -1, 0, 0, 5, -1, 0, 0, '2012-03-11', '16:45', 2, '2', 0, ''),
(683, 138, 47, 0, 0, 0, 27, 5, 0, 0, '2012-03-11', '11:45', 2, '1', 0, ''),
(684, 139, 32, 8, 0, 0, 75, 1, 0, 0, '2012-03-11', '10:45', 2, '1', 0, ''),
(685, 139, 76, 2, 0, 0, 53, 4, 0, 0, '2012-03-11', '17:45', 2, '1', 0, ''),
(686, 139, 34, 4, 2, 0, 77, 1, 0, 0, '2012-03-11', '10:45', 2, '2', 0, ''),
(687, 139, 74, 10, 0, 0, 31, 2, 0, 0, '2012-03-11', '18:45', 2, '2', 0, ''),
(688, 140, 73, -1, 0, 0, 10, -1, 0, 0, '2012-03-18', '17:45', 2, '1', 0, ''),
(689, 140, 57, -1, 0, 0, 1, -1, 0, 0, '2012-03-18', '10:45', 2, '1', 0, ''),
(690, 140, 8, -1, 0, 0, 9, -1, 0, 0, '2012-03-18', '16:45', 2, '1', 0, ''),
(691, 140, 56, -1, 0, 0, 11, -1, 0, 0, '2012-03-18', '14:45', 2, '1', 0, ''),
(692, 141, 55, -1, 0, 0, 5, -1, 0, 0, '2012-03-18', '18:45', 2, '1', 0, ''),
(693, 141, 62, -1, 0, 0, 27, -1, 0, 0, '2012-03-18', '12:45', 2, '2', 0, ''),
(694, 141, 35, -1, 0, 0, 61, -1, 0, 0, '2012-03-18', '15:45', 2, '2', 0, ''),
(695, 142, 32, -1, 0, 0, 34, -1, 0, 0, '2012-03-18', '18:45', 2, '2', 0, ''),
(696, 142, 53, -1, 0, 0, 74, -1, 0, 0, '2012-03-18', '17:45', 2, '2', 0, ''),
(697, 142, 76, -1, 0, 0, 31, -1, 0, 0, '2012-03-18', '13:45', 2, '2', 0, ''),
(698, 142, 75, -1, 0, 0, 77, -1, 0, 0, '2012-03-18', '11:45', 2, '1', 0, '');

-- --------------------------------------------------------

--
-- Estructura de tabla para la tabla `ga_goles_anteriores`
--

CREATE TABLE IF NOT EXISTS `ga_goles_anteriores` (
  `id` int(11) NOT NULL auto_increment,
  `id_torneo` int(11) NOT NULL default '0',
  `id_categoria` int(11) NOT NULL default '0',
  `id_equipo` int(11) NOT NULL default '0',
  `id_jugadora` int(11) NOT NULL default '0',
  `goles` int(11) default '0',
  PRIMARY KEY  (`id`)
) ENGINE=InnoDB DEFAULT CHARSET=latin1 AUTO_INCREMENT=354 ;

--
-- Volcar la base de datos para la tabla `ga_goles_anteriores`
--

INSERT INTO `ga_goles_anteriores` (`id`, `id_torneo`, `id_categoria`, `id_equipo`, `id_jugadora`, `goles`) VALUES
(15, 3, 9, 36, 90, 1),
(16, 3, 9, 36, 91, 0),
(17, 3, 9, 36, 92, 2),
(18, 3, 9, 36, 93, 2),
(19, 3, 9, 36, 94, 2),
(20, 3, 9, 36, 95, 0),
(21, 3, 9, 36, 96, 0),
(22, 3, 9, 36, 97, 0),
(23, 3, 9, 36, 98, 1),
(24, 3, 9, 36, 99, 0),
(25, 3, 9, 36, 100, 0),
(26, 3, 9, 36, 101, 0),
(27, 3, 9, 36, 102, 0),
(28, 3, 9, 36, 103, 0),
(29, 3, 9, 36, 104, 0),
(30, 3, 9, 36, 105, 0),
(31, 3, 9, 39, 412, 0),
(32, 3, 9, 39, 720, 1),
(33, 3, 9, 39, 498, 0),
(34, 3, 9, 39, 411, 1),
(35, 3, 9, 39, 413, 3),
(36, 3, 9, 39, 414, 2),
(37, 3, 9, 39, 415, 2),
(38, 3, 9, 39, 416, 0),
(39, 3, 9, 39, 417, 0),
(40, 3, 9, 39, 499, 1),
(41, 3, 9, 40, 645, 2),
(42, 3, 9, 40, 694, 2),
(43, 3, 9, 40, 554, 0),
(44, 3, 9, 40, 555, 2),
(45, 3, 9, 40, 556, 0),
(46, 3, 9, 40, 557, 0),
(47, 3, 9, 40, 375, 1),
(48, 3, 9, 40, 376, 0),
(49, 3, 9, 40, 377, 0),
(50, 3, 9, 40, 378, 1),
(51, 3, 9, 40, 379, 0),
(52, 3, 9, 40, 380, 0),
(53, 3, 9, 40, 381, 0),
(54, 3, 9, 40, 382, 0),
(55, 3, 9, 41, 405, 5),
(56, 3, 9, 41, 406, 11),
(57, 3, 9, 41, 403, 13),
(58, 3, 9, 41, 404, 6),
(59, 3, 9, 41, 407, 1),
(60, 3, 9, 41, 408, 0),
(61, 3, 9, 41, 409, 1),
(62, 3, 9, 41, 410, 2),
(63, 3, 9, 42, 360, 2),
(64, 3, 9, 42, 357, 10),
(65, 3, 9, 42, 358, 0),
(66, 3, 9, 42, 359, 1),
(67, 3, 9, 42, 361, 1),
(68, 3, 9, 42, 362, 0),
(69, 3, 9, 42, 363, 4),
(70, 3, 9, 42, 364, 0),
(71, 3, 9, 42, 365, 1),
(72, 3, 9, 42, 511, 0),
(73, 3, 9, 45, 732, 5),
(74, 3, 9, 45, 691, 4),
(75, 3, 9, 45, 733, 8),
(76, 3, 9, 45, 744, 1),
(77, 3, 9, 45, 366, 0),
(78, 3, 9, 45, 367, 6),
(79, 3, 9, 45, 368, 0),
(80, 3, 9, 45, 369, 1),
(81, 3, 9, 45, 370, 0),
(82, 3, 9, 45, 371, 0),
(83, 3, 9, 45, 372, 0),
(84, 3, 9, 45, 373, 1),
(85, 3, 9, 45, 374, 0),
(86, 3, 9, 45, 692, 0),
(87, 3, 9, 45, 745, 0),
(88, 3, 9, 80, 562, 0),
(89, 3, 9, 80, 563, 0),
(90, 3, 9, 80, 564, 0),
(91, 3, 9, 80, 749, 1),
(92, 3, 9, 80, 558, 9),
(93, 3, 9, 80, 559, 7),
(94, 3, 9, 80, 560, 4),
(95, 3, 9, 80, 561, 0),
(96, 3, 9, 83, 551, 8),
(97, 3, 9, 83, 544, 1),
(98, 3, 9, 83, 545, 1),
(99, 3, 9, 83, 546, 2),
(100, 3, 9, 83, 547, 0),
(101, 3, 9, 83, 548, 2),
(102, 3, 9, 83, 549, 0),
(103, 3, 9, 83, 550, 0),
(104, 3, 9, 83, 552, 7),
(105, 3, 9, 83, 553, 4),
(106, 3, 9, 84, 508, 0),
(107, 3, 9, 84, 510, 1),
(108, 3, 9, 84, 693, 2),
(109, 3, 9, 84, 742, 2),
(110, 3, 9, 84, 503, 2),
(111, 3, 9, 84, 505, 0),
(112, 3, 9, 84, 507, 2),
(113, 3, 9, 84, 502, 4),
(114, 3, 9, 84, 504, 0),
(115, 3, 9, 84, 506, 0),
(116, 3, 9, 84, 509, 2),
(117, 3, 9, 86, 526, 4),
(118, 3, 9, 86, 527, 0),
(119, 3, 9, 86, 528, 3),
(120, 3, 9, 86, 529, 4),
(121, 3, 9, 86, 530, 5),
(122, 3, 9, 86, 531, 0),
(123, 3, 9, 86, 532, 14),
(124, 3, 8, 43, 383, 7),
(125, 3, 8, 43, 384, 6),
(126, 3, 8, 43, 385, 1),
(127, 3, 8, 43, 386, 0),
(128, 3, 8, 43, 387, 4),
(129, 3, 8, 43, 388, 5),
(130, 3, 8, 43, 390, 8),
(131, 3, 8, 43, 391, 0),
(132, 3, 8, 46, 501, 1),
(133, 3, 8, 46, 727, 1),
(134, 3, 8, 46, 643, 19),
(135, 3, 8, 46, 399, 0),
(136, 3, 8, 46, 400, 0),
(137, 3, 8, 46, 401, 0),
(138, 3, 8, 46, 402, 0),
(139, 3, 8, 46, 500, 31),
(140, 3, 8, 46, 398, 3),
(141, 3, 8, 48, 644, 1),
(142, 3, 8, 48, 748, 1),
(143, 3, 8, 48, 542, 1),
(144, 3, 8, 48, 543, 5),
(145, 3, 8, 48, 392, 25),
(146, 3, 8, 48, 393, 13),
(147, 3, 8, 48, 394, 1),
(148, 3, 8, 48, 395, 0),
(149, 3, 8, 48, 396, 5),
(150, 3, 8, 48, 397, 0),
(151, 3, 8, 48, 690, 1),
(163, 3, 8, 82, 731, 1),
(164, 3, 8, 82, 515, 0),
(165, 3, 8, 82, 519, 0),
(166, 3, 8, 82, 522, 0),
(167, 3, 8, 82, 516, 0),
(168, 3, 8, 82, 518, 0),
(169, 3, 8, 82, 520, 0),
(170, 3, 8, 82, 521, 0),
(171, 3, 8, 82, 523, 0),
(172, 3, 8, 82, 524, 0),
(173, 3, 8, 82, 525, 1),
(174, 3, 8, 82, 514, 8),
(175, 3, 8, 82, 517, 6),
(185, 3, 8, 87, 650, 1),
(186, 3, 8, 87, 652, 0),
(187, 3, 8, 87, 654, 3),
(188, 3, 8, 87, 651, 1),
(189, 3, 8, 87, 653, 0),
(190, 3, 8, 87, 655, 3),
(191, 3, 8, 87, 659, 1),
(192, 3, 8, 87, 661, 0),
(193, 3, 8, 87, 751, 4),
(194, 3, 8, 87, 649, 4),
(195, 3, 8, 87, 658, 0),
(196, 3, 8, 87, 660, 1),
(197, 3, 8, 87, 656, 4),
(198, 3, 8, 87, 657, 35),
(199, 3, 8, 89, 715, 5),
(200, 3, 8, 89, 706, 10),
(201, 3, 8, 89, 707, 0),
(202, 3, 8, 89, 711, 5),
(203, 3, 8, 89, 712, 30),
(204, 3, 8, 89, 713, 10),
(205, 3, 8, 89, 714, 3),
(206, 3, 8, 89, 716, 0),
(207, 3, 8, 89, 718, 0),
(208, 3, 8, 89, 752, 1),
(209, 3, 8, 89, 708, 0),
(210, 3, 8, 89, 709, 0),
(211, 3, 8, 89, 710, 0),
(212, 3, 8, 89, 717, 0),
(213, 3, 8, 85, 533, 1),
(214, 3, 8, 85, 534, 2),
(215, 3, 8, 85, 535, 0),
(216, 3, 8, 85, 536, 7),
(217, 3, 8, 85, 537, 5),
(218, 3, 8, 85, 538, 1),
(219, 3, 8, 85, 539, 21),
(220, 3, 8, 85, 540, 0),
(221, 3, 8, 85, 541, 0),
(343, 3, 8, 54, 512, 6),
(344, 3, 8, 54, 513, 0),
(345, 3, 8, 54, 181, 1),
(346, 3, 8, 54, 719, 1),
(347, 3, 8, 54, 746, 1),
(348, 3, 8, 54, 180, 0),
(349, 3, 8, 54, 182, 0),
(350, 3, 8, 54, 183, 1),
(351, 3, 8, 54, 184, 0),
(352, 3, 8, 54, 185, 0),
(353, 3, 8, 54, 179, 25);

-- --------------------------------------------------------

--
-- Estructura de tabla para la tabla `ga_jugadoras`
--

CREATE TABLE IF NOT EXISTS `ga_jugadoras` (
  `id` int(11) NOT NULL auto_increment,
  `nombre` varchar(150) NOT NULL default '',
  `idEquipo` int(11) NOT NULL default '0',
  `fotoPreview` text,
  `fotoGrande` text,
  `goles` int(11) default '0',
  `fechaNac` date default '1990-01-01',
  `idPosicion` int(11) NOT NULL default '0',
  PRIMARY KEY  (`id`)
) ENGINE=InnoDB DEFAULT CHARSET=latin1 AUTO_INCREMENT=773 ;

--
-- Volcar la base de datos para la tabla `ga_jugadoras`
--

INSERT INTO `ga_jugadoras` (`id`, `nombre`, `idEquipo`, `fotoPreview`, `fotoGrande`, `goles`, `fechaNac`, `idPosicion`) VALUES
(1, 'Ana Ines', 3, NULL, NULL, 0, '2011-03-18', 1),
(2, 'Ana Ines', 3, NULL, NULL, 0, '2011-03-18', 3),
(3, 'Ana Ines', 3, NULL, NULL, 0, '2011-03-18', 1),
(60, 'Gimena Gomez Servetto', 31, 'pre_60_equipos.jpg', 'gra_60_equipos.jpg', 0, '2005-11-30', 3),
(61, 'Julieta Rainoldi', 31, 'pre_61_equipos.jpg', 'gra_61_equipos.jpg', 0, '2011-04-12', 3),
(62, 'Florencia Rainoldi', 31, 'pre_62_equipos.jpg', 'gra_62_equipos.jpg', 0, '2011-04-28', 3),
(63, 'Emilia Asas', 31, 'pre_63_equipos.jpg', 'gra_63_equipos.jpg', 0, '2011-04-22', 3),
(64, 'Eugenia Alvarez', 31, 'pre_64_equipos.jpg', 'gra_64_equipos.jpg', 0, '2011-04-19', 3),
(65, 'Agustina Guerra', 31, 'pre_65_equipos.jpg', 'gra_65_equipos.jpg', 0, '2011-04-29', 3),
(66, 'Silvina R. Ponti', 31, 'pre_66_equipos.jpg', 'gra_66_equipos.jpg', 0, '2011-04-30', 3),
(67, 'Manuela Abdala', 31, 'pre_67_equipos.jpg', 'gra_67_equipos.jpg', 0, '2011-04-11', 3),
(68, 'Paula Gonzales P.', 32, 'pre_68_equipos.jpg', 'gra_68_equipos.jpg', 23, '2011-04-22', 2),
(69, 'Carla Paparella', 32, 'pre_69_equipos.jpg', 'gra_69_equipos.jpg', 0, '2011-04-04', 3),
(70, 'Paula Riu', 32, 'pre_70_equipos.jpg', 'gra_70_equipos.jpg', 0, '2011-03-28', 3),
(71, 'Cecilia Riu', 32, 'pre_71_equipos.jpg', 'gra_71_equipos.jpg', 0, '2011-03-28', 3),
(72, 'Gabriela Nacuzzi', 32, 'pre_72_equipos.jpg', NULL, 0, '2011-03-29', 3),
(73, 'Ludmila Ungaro', 32, NULL, NULL, 0, '2011-03-30', 3),
(74, 'Florencia Gatti', 32, NULL, NULL, 0, '2011-03-31', 3),
(75, 'Mariana Osa', 32, NULL, NULL, 0, '2011-04-01', 2),
(76, 'Dagmar Osycka', 32, NULL, NULL, 0, '2011-04-02', 3),
(77, 'Claudia Parise', 33, NULL, NULL, 0, '2011-04-03', 3),
(78, 'Samanta Alenik', 33, NULL, NULL, 0, '2011-04-04', 4),
(79, 'Luciana Loria Bua', 33, NULL, NULL, 0, '2011-04-05', 2),
(80, 'Belén Serrano', 33, NULL, NULL, 0, '2011-04-06', 2),
(81, 'Marina Tasso', 33, NULL, NULL, 0, '2011-04-13', 2),
(82, 'Luciana Breide', 35, NULL, NULL, 0, '2011-04-20', 3),
(83, 'M. Paula Novello', 35, NULL, NULL, 0, '2011-04-14', 2),
(84, 'Soledad Picco', 35, NULL, NULL, 0, '2011-04-05', 3),
(85, 'Claudia Agüero', 35, NULL, NULL, 0, '2011-03-01', 3),
(86, 'M. Jose Rivas', 35, NULL, NULL, 0, '2011-04-24', 2),
(87, 'M. Inés Enei', 35, NULL, NULL, 0, '2011-04-16', 2),
(88, 'María Raimondo', 35, NULL, NULL, 0, '2011-05-01', 2),
(89, 'Eliana Yasioja', 35, NULL, NULL, 0, '2011-04-22', 1),
(90, 'María Noe Rodriguez', 36, NULL, NULL, 0, '2011-04-23', 3),
(91, 'Clara Bergamo', 36, NULL, NULL, 0, '2011-05-01', 3),
(92, 'Marina Di Fonzo', 36, NULL, NULL, 0, '2011-04-28', 3),
(93, 'Florencia Canese', 36, NULL, NULL, 0, '2011-04-13', 3),
(94, 'Candela Gaset', 36, NULL, NULL, 0, '2011-04-22', 3),
(95, 'Maria Gallo', 36, NULL, NULL, 0, '2011-04-06', 3),
(96, 'Alejandra Viale', 36, NULL, NULL, 0, '2011-04-19', 3),
(97, 'Veronica Marty', 36, NULL, NULL, 0, '2011-04-13', 3),
(98, 'Nadia Godoy', 36, NULL, NULL, 0, '2011-04-28', 3),
(99, 'Valeria Bugallo', 36, NULL, NULL, 0, '2011-04-28', 3),
(100, 'Maria Luz Martinez Sola', 36, NULL, NULL, 0, '2011-04-29', 3),
(101, 'Celeste Cuneo', 36, NULL, NULL, 0, '2011-04-28', 3),
(102, 'Alejandra Langella', 36, NULL, NULL, 0, '2011-04-27', 3),
(103, 'Mariel Aparicio', 36, NULL, NULL, 0, '2011-04-19', 3),
(104, 'Nadia Aniceto', 36, NULL, NULL, 0, '2011-04-29', 3),
(105, 'Zina Panozzo', 36, NULL, NULL, 0, '2011-04-29', 3),
(106, 'Sabrina Barbero', 30, NULL, NULL, 0, '2011-04-04', 3),
(107, 'Mariela Apolonio', 30, NULL, NULL, 0, '2011-04-27', 3),
(108, 'Cintia Guevara', 30, NULL, NULL, 0, '2011-04-04', 3),
(109, 'Nadia Kwater', 30, NULL, NULL, 0, '2011-04-11', 3),
(110, 'Anabella Pentimalli', 30, NULL, NULL, 0, '2011-03-28', 3),
(111, 'Natalia Torres', 30, NULL, NULL, 0, '2011-04-12', 3),
(112, 'Carolina Pentimalli', 30, NULL, NULL, 0, '2011-04-05', 3),
(113, 'Constanza Arado', 30, NULL, NULL, 0, '2011-04-19', 3),
(114, 'Camila Castillo', 30, NULL, NULL, 0, '2011-04-07', 3),
(115, 'Jimena Miranda', 30, NULL, NULL, 0, '2011-04-09', 3),
(116, 'Celeste William', 30, NULL, NULL, 0, '2011-04-10', 3),
(117, 'Melisa Lecchi', 30, NULL, NULL, 0, '2011-04-20', 3),
(118, 'Camila Molina', 47, NULL, NULL, 0, '2011-04-19', 3),
(119, 'Camila Ruiz', 47, NULL, NULL, 0, '2011-04-11', 3),
(120, 'Martina Bolasini', 47, NULL, NULL, 0, '2011-04-18', 3),
(121, 'Victoria Camerano', 47, NULL, NULL, 0, '2011-04-20', 3),
(122, 'Julieta Nadale', 47, NULL, NULL, 0, '2011-04-14', 3),
(123, 'Mariana Luzuriaga', 47, NULL, NULL, 0, '2011-04-15', 3),
(124, 'Malena De los Ríos', 47, NULL, NULL, 0, '2011-04-15', 3),
(125, 'Natalia Abdala', 47, NULL, NULL, 0, '2011-04-23', 3),
(126, 'Estefanía Figueiras', 47, NULL, NULL, 0, '2011-04-22', 3),
(127, 'Lucila Sarella', 47, NULL, NULL, 0, '2011-04-07', 4),
(128, 'Ma. Eugenia Martin', 47, NULL, NULL, 0, '2011-04-16', 3),
(129, 'Sofía Seras', 34, NULL, NULL, 0, '2011-04-05', 3),
(130, 'Ma. Elena Calo', 34, NULL, NULL, 0, '2011-04-20', 3),
(131, 'Sabrina Tomazic', 34, NULL, NULL, 0, '2011-04-16', 3),
(132, 'Jimena Capucello', 34, NULL, NULL, 0, '2011-04-14', 3),
(133, 'Mariela Tomazic', 34, NULL, NULL, 0, '2011-04-20', 3),
(134, 'Natalia Carini', 34, NULL, NULL, 0, '2011-04-20', 3),
(135, 'Ma. Soledad Ballesteros', 34, NULL, NULL, 0, '2011-04-14', 3),
(136, 'Leila Abadi', 34, NULL, NULL, 0, '2011-04-22', 3),
(137, 'Veronica Kesler', 34, NULL, NULL, 0, '2011-04-16', 3),
(138, 'Veronica Mankel', 34, NULL, NULL, 0, '2011-04-12', 3),
(139, 'Teresa Rosetto', 34, NULL, NULL, 0, '2011-04-21', 3),
(140, 'Melanie Klas', 28, NULL, NULL, 0, '2011-04-12', 2),
(141, 'Johanna Szwarc', 28, NULL, NULL, 0, '2011-04-13', 4),
(142, 'Solana Froment', 28, NULL, NULL, 0, '2011-04-21', 4),
(143, 'Maia Kan', 28, NULL, NULL, 0, '2011-04-22', 2),
(144, 'Nadia Sbriller', 28, NULL, NULL, 0, '2011-04-19', 3),
(145, 'Melina Polit', 28, NULL, NULL, 0, '2011-04-22', 3),
(146, 'Julieta Echeverria', 28, NULL, NULL, 0, '2011-04-19', 3),
(147, 'Carolina Ikonicoff', 28, NULL, NULL, 0, '2011-04-20', 3),
(148, 'Leslie Szwarc', 28, NULL, NULL, 0, '2011-04-21', 3),
(149, 'Yamila Bagdadi', 28, NULL, NULL, 0, '2011-04-14', 3),
(150, 'Karen Akerman', 28, NULL, NULL, 0, '2011-04-13', 3),
(151, 'Giulia Palio', 27, NULL, NULL, 0, '2011-04-20', 3),
(152, 'Ma. Celina Alfageme', 27, NULL, NULL, 0, '2011-04-18', 3),
(153, 'Paula Alfageme', 27, NULL, NULL, 0, '2011-04-27', 3),
(154, 'Leila Ponzetti', 27, NULL, NULL, 0, '2011-04-14', 2),
(155, 'Eugenia Murillo', 27, NULL, NULL, 0, '2011-04-20', 3),
(156, 'Gimena Piu', 27, NULL, NULL, 0, '2011-04-22', 3),
(158, 'Eva Alverez', 27, NULL, NULL, 0, '2011-04-12', 3),
(159, 'Karina Bertolotti', 27, NULL, NULL, 0, '2011-04-15', 3),
(160, 'Martina Vercelli', 27, NULL, NULL, 0, '2011-04-23', 3),
(161, 'Chantal Stevens', 33, NULL, NULL, 0, '2011-04-13', 4),
(162, 'Tatiana Borenholtz', 33, NULL, NULL, 0, '2011-04-28', 3),
(163, 'Florencia Abd el Jalil', 59, NULL, NULL, 0, '2011-04-20', 3),
(164, 'Florencia Font', 59, NULL, NULL, 0, '2011-04-05', 3),
(165, 'Andrea Medina', 59, NULL, NULL, 0, '2011-04-20', 3),
(166, 'Eugenia Sartorelli', 59, NULL, NULL, 0, '2011-04-13', 3),
(167, 'Elina Gomez', 59, NULL, NULL, 0, '2011-04-21', 3),
(168, 'Yanina Ocampo', 59, NULL, NULL, 0, '2011-04-20', 3),
(169, 'Sabina Marelli', 59, NULL, NULL, 0, '2011-04-29', 3),
(170, 'Natalia Federico', 59, NULL, NULL, 0, '2011-04-28', 3),
(171, 'Ma. Belén Moncayo', 56, NULL, NULL, 0, '2011-04-19', 3),
(172, 'Lucila Mendoza', 56, NULL, NULL, 0, '2011-04-11', 2),
(173, 'Andrea Traversari', 56, NULL, NULL, 0, '2011-04-19', 3),
(174, 'Mercedes R. Villegas', 56, NULL, NULL, 0, '2011-04-19', 3),
(175, 'Clementina Armagno', 56, NULL, NULL, 0, '2011-04-11', 3),
(176, 'Ana María Serrano', 56, NULL, NULL, 0, '2011-04-04', 3),
(177, 'Mercedes Taglioretti', 56, NULL, NULL, 0, '2011-03-28', 3),
(178, 'Ana Paula Runge', 56, NULL, NULL, 0, '2011-04-20', 3),
(179, 'Dana Gips', 54, NULL, NULL, 0, '2011-04-25', 4),
(180, 'Den Ariel Grinberg', 54, NULL, NULL, 0, '2011-04-19', 3),
(181, 'Johanna Silnik', 54, NULL, NULL, 0, '2011-03-28', 2),
(182, 'Brenda Judelewsky', 54, NULL, NULL, 0, '2011-04-01', 3),
(183, 'Leda Maleh', 54, NULL, NULL, 0, '2011-04-09', 3),
(184, 'Tatiana Spivak', 54, NULL, NULL, 0, '2011-04-16', 3),
(185, 'Astrid Malamud', 54, NULL, NULL, 0, '2011-04-22', 3),
(186, 'Miriam Altamirano', 61, NULL, NULL, 0, '2011-04-04', 3),
(187, 'Noelia Velis', 61, NULL, NULL, 0, '2011-04-12', 3),
(188, 'Lorna Tavella', 61, NULL, NULL, 0, '2011-04-19', 3),
(189, 'Florencia Capeletti', 61, NULL, NULL, 0, '2011-04-04', 3),
(190, 'Cintia Merlo', 61, NULL, NULL, 0, '2011-04-19', 3),
(191, 'Dalila Ontiveros', 61, NULL, NULL, 0, '2011-04-13', 3),
(192, 'Julieta Ramer', 61, NULL, NULL, 0, '2011-04-20', 3),
(193, 'Paula Schachtner', 61, NULL, NULL, 0, '2011-04-20', 3),
(194, 'Mireya Pallota', 61, NULL, NULL, 0, '2011-04-19', 3),
(195, 'Vanesa Jimenez', 61, NULL, NULL, 0, '2011-04-22', 3),
(196, 'Valentina Ruderman', 61, NULL, NULL, 0, '2011-04-21', 3),
(197, 'Laura Caceres', 60, NULL, NULL, 0, '2011-04-20', 3),
(198, 'Laura Maggio', 60, NULL, NULL, 0, '2011-04-25', 3),
(199, 'Daniela Ciaccheri', 60, NULL, NULL, 0, '2011-04-27', 3),
(200, 'Carla Basualdo', 60, NULL, NULL, 0, '2011-04-27', 3),
(201, 'Tamara Ferreyra', 60, NULL, NULL, 0, '2011-04-13', 3),
(202, 'Debora Gauto', 60, NULL, NULL, 0, '2011-04-21', 3),
(203, 'Luciana Viegas', 60, NULL, NULL, 0, '2011-04-27', 3),
(204, 'Solange Gauto', 60, NULL, NULL, 0, '2011-04-28', 3),
(205, 'Daniela Garcia', 60, NULL, NULL, 0, '2011-04-27', 3),
(206, 'Carolina Campero', 51, NULL, NULL, 0, '2011-04-19', 4),
(207, 'Michelle Barmaymon', 51, NULL, NULL, 0, '2011-04-19', 4),
(208, 'Yanina Giamichelli', 51, NULL, NULL, 0, '2011-04-25', 3),
(209, 'Alina Alvarez', 51, NULL, NULL, 0, '2011-04-19', 4),
(210, 'Maria Emilia Godoy', 51, NULL, NULL, 0, '2011-04-19', 2),
(211, 'Silvina Berkesy', 51, NULL, NULL, 0, '2011-04-28', 1),
(212, 'Julieta Lavagnino', 55, NULL, NULL, 0, '2011-04-19', 3),
(213, 'Melina Martinez', 55, NULL, NULL, 0, '2011-04-11', 3),
(214, 'Ana Castro', 55, NULL, NULL, 0, '2011-04-12', 3),
(215, 'Juliana Bonnaterre', 55, NULL, NULL, 0, '2011-04-28', 3),
(216, 'Barbara Cortes', 55, NULL, NULL, 0, '2011-04-14', 3),
(217, 'Rocio Ballerini', 55, NULL, NULL, 0, '2011-04-16', 3),
(218, 'Connie  Fabiani', 55, NULL, NULL, 0, '2011-04-27', 2),
(219, 'Florencia Rodriguez', 55, NULL, NULL, 0, '2011-04-16', 3),
(220, 'Luisina  Valle', 55, NULL, NULL, 0, '2011-04-15', 3),
(221, 'Camila March Rios', 55, NULL, NULL, 0, '2011-04-21', 3),
(222, 'Sonia Meller', 57, NULL, NULL, 0, '2011-04-21', 4),
(223, 'Denise Fritzler', 57, NULL, NULL, 0, '2011-04-19', 3),
(224, 'Jazmín Yablonka', 57, NULL, NULL, 0, '2011-04-16', 3),
(225, 'Lucía Seoane Torrealba', 57, NULL, NULL, 0, '2011-04-23', 3),
(226, 'Denise Ofmann', 57, NULL, NULL, 0, '2011-04-29', 3),
(227, 'María Echeverri Gomez', 57, NULL, NULL, 0, '2011-04-29', 3),
(228, 'Maia	Chigioni', 57, NULL, NULL, 0, '2011-04-27', 4),
(229, 'Rosario Recio', 57, NULL, NULL, 0, '2011-04-27', 3),
(230, 'Mariela Moreno', 9, NULL, NULL, 0, '2011-04-12', 3),
(231, 'Celeste Cursach', 9, NULL, NULL, 0, '2011-04-04', 3),
(232, 'Giuliana Curotto', 9, NULL, NULL, 0, '2011-04-19', 3),
(233, 'Cintia Bonnecaze', 9, NULL, NULL, 0, '2011-04-19', 3),
(234, 'Ailen Loggia', 9, NULL, NULL, 0, '2011-04-14', 3),
(235, 'Romina Impieri', 9, NULL, NULL, 0, '2011-04-04', 3),
(236, 'Ana Carolina Garcia', 9, NULL, NULL, 0, '2011-04-27', 3),
(238, 'Milena Batalla', 9, NULL, NULL, 0, '2011-04-27', 3),
(239, 'Ma. Jose Gambande', 9, NULL, NULL, 0, '2011-04-27', 3),
(240, 'Romina Impieri', 9, NULL, NULL, 0, '2011-04-04', 3),
(241, 'Veronica Fotia', 9, NULL, NULL, 0, '2011-04-11', 3),
(242, 'Cecilia Tedesco', 10, NULL, NULL, 0, '2011-04-19', 2),
(243, 'Vanesa Macedo', 10, NULL, NULL, 0, '2011-04-04', 2),
(244, 'Vanina Albores', 10, NULL, NULL, 0, '2011-04-19', 3),
(245, 'Romina Gomez Pinto', 10, NULL, NULL, 0, '2011-04-11', 3),
(246, 'Mariana Casella', 10, NULL, NULL, 0, '2011-04-04', 2),
(247, 'Natalia Gonzales', 10, NULL, NULL, 0, '2011-04-11', 3),
(248, 'Sofia Morales', 10, NULL, NULL, 0, '2011-04-19', 3),
(249, 'Claudia Vieytes', 10, NULL, NULL, 0, '2011-04-18', 4),
(250, 'Paula Schachtner', 10, NULL, NULL, 0, '2011-04-04', 3),
(251, 'Daiana Mondaca', 10, NULL, NULL, 0, '2011-04-11', 3),
(252, 'Sol Milillo', 10, NULL, NULL, 0, '2011-04-11', 4),
(253, 'Otilia Escobar Lopez', 11, NULL, NULL, 0, '2011-04-11', 3),
(254, 'Beatriz Rodas', 11, NULL, NULL, 0, '2011-04-26', 3),
(256, 'Paula Ruido', 11, NULL, NULL, 0, '2011-04-25', 3),
(257, 'Gabriela Mercado', 11, NULL, NULL, 0, '2011-04-18', 3),
(258, 'Daniela Launichak', 11, NULL, NULL, 0, '2011-04-19', 3),
(259, 'Laura Herrera', 11, NULL, NULL, 0, '2011-04-04', 3),
(260, 'Mariela Francomagro', 11, NULL, NULL, 0, '2011-04-05', 3),
(261, 'Eugenia Pedot', 11, NULL, NULL, 0, '2011-04-25', 4),
(262, 'Valeria  Tikus', 6, NULL, NULL, 0, '2011-04-19', 3),
(263, 'Paola  Caraballo', 6, NULL, NULL, 0, '2011-04-11', 1),
(264, 'Myriam Atienza', 6, NULL, NULL, 0, '2011-04-27', 3),
(265, 'Veronica Spano', 6, NULL, NULL, 0, '2011-04-29', 4),
(266, 'Cecilia Marolla', 6, NULL, NULL, 0, '2011-04-25', 4),
(267, 'Yamila Garay', 6, NULL, NULL, 0, '2011-04-18', 4),
(268, 'Silvana Pretonari', 6, NULL, NULL, 0, '2011-04-11', 4),
(269, 'Maite Landivar Vargas', 8, NULL, NULL, 0, '2011-04-11', 3),
(270, 'Luisa Leaño Herrera', 8, NULL, NULL, 0, '2011-04-04', 3),
(271, 'Gisela Masiello', 8, NULL, NULL, 0, '2011-04-04', 3),
(272, 'Lidia Pistonesi', 8, NULL, NULL, 0, '2011-04-11', 3),
(273, 'Florencia	Lopez', 8, NULL, NULL, 0, '2011-04-04', 3),
(274, 'Dolores Pugliese', 8, NULL, NULL, 0, '2011-04-11', 3),
(275, 'Jorgelina Reyes', 52, NULL, NULL, 0, '2011-05-01', 4),
(276, 'Alison Bonney', 52, NULL, NULL, 0, '2011-04-29', 3),
(277, 'Laura Gilbert', 52, NULL, NULL, 0, '2011-04-23', 3),
(278, 'Eugenia Bellini', 52, NULL, NULL, 0, '2011-04-30', 4),
(279, 'Victoria Bellini', 52, NULL, NULL, 0, '2011-05-01', 4),
(280, 'Luciana Barretto', 52, NULL, NULL, 0, '2011-05-01', 4),
(281, 'Mariana Gomez', 52, NULL, NULL, 0, '2011-04-22', 3),
(282, 'Milagros Seijas', 52, NULL, NULL, 0, '2011-04-29', 3),
(283, 'Paula Azcue', 52, NULL, NULL, 0, '2011-04-29', 3),
(284, 'Alejandra Flores', 53, NULL, NULL, 0, '2011-04-04', 3),
(285, 'Andrea Erdei', 53, NULL, NULL, 0, '2011-04-12', 3),
(286, 'Daniela Bornstein', 53, NULL, NULL, 0, '2011-04-18', 4),
(287, 'Jennifer Goijman', 53, NULL, NULL, 0, '2011-04-18', 3),
(288, 'Jesica Zayat', 53, NULL, NULL, 0, '2011-04-11', 3),
(289, 'Mariel Ghelerman', 53, NULL, NULL, 0, '2011-04-13', 2),
(290, 'Romina Behmer', 53, NULL, NULL, 0, '2011-04-18', 3),
(291, 'Samanta Scherman', 53, NULL, NULL, 0, '2011-04-11', 2),
(292, 'Victoria Mascianica', 53, NULL, NULL, 0, '2011-04-26', 3),
(293, 'Julia Saez', 62, NULL, NULL, 0, '2011-04-19', 3),
(294, 'Flavia Gusso', 62, NULL, NULL, 0, '2011-04-05', 3),
(295, 'Lila Sanchez', 62, NULL, NULL, 0, '2011-04-19', 3),
(296, 'Patricia Vega', 62, NULL, NULL, 0, '2011-04-18', 3),
(297, 'Enriqueta Martel', 62, NULL, NULL, 0, '2011-04-19', 3),
(298, 'Marcelina Martel', 62, NULL, NULL, 0, '2011-04-11', 3),
(300, 'Alina Roitman', 62, NULL, NULL, 0, '2011-04-04', 3),
(301, 'Mercedes	Remón', 58, NULL, NULL, 0, '2011-04-04', 3),
(302, 'Marina Coll', 58, NULL, NULL, 0, '2011-04-04', 2),
(303, 'Ma. Pilar R. Figueroa', 58, NULL, NULL, 0, '2011-04-11', 2),
(304, 'Adela Correa Ocampo', 58, NULL, NULL, 0, '2011-04-04', 3),
(305, 'Candelaria Mariño', 58, NULL, NULL, 0, '2011-04-12', 2),
(306, 'M. Belen Dal Farra', 58, NULL, NULL, 0, '2011-04-05', 2),
(307, 'Angeles Andre', 58, NULL, NULL, 0, '2011-04-11', 2),
(308, 'Alejandra	Torres', 58, NULL, NULL, 0, '2011-04-11', 2),
(309, 'Ana Larran', 58, NULL, NULL, 0, '2011-04-11', 2),
(310, 'Agustina Pueyrredon', 58, NULL, NULL, 0, '2011-04-05', 2),
(311, 'Fernanda	Torres', 58, NULL, NULL, 0, '2011-04-11', 1),
(312, 'Sofía	Martorell', 58, NULL, NULL, 0, '2011-04-11', 1),
(313, 'M. Carolina Luzzi', 7, NULL, NULL, 0, '2011-04-12', 3),
(314, 'Mara Lorena Ramos  Giacosa', 7, NULL, NULL, 0, '2011-04-12', 2),
(315, 'Noelia Perelli', 7, NULL, NULL, 0, '2011-04-12', 1),
(316, 'Verónica Celeste Chamorro', 7, NULL, NULL, 0, '2011-04-05', 2),
(317, 'M. Eugenia Coraita', 7, NULL, NULL, 0, '2011-04-11', 3),
(318, 'Stella Maris Turello', 7, NULL, NULL, 0, '2011-04-12', 2),
(319, 'Nancy Verónica Albarracín', 7, NULL, NULL, 0, '2011-04-19', 2),
(320, 'Malvina Edith Chaves', 7, NULL, NULL, 0, '2011-04-12', 4),
(321, 'Carolina Campero', 7, NULL, NULL, 0, '2011-04-12', 2),
(322, 'Fiorella Luzzani', 5, NULL, NULL, 0, '2011-04-12', 2),
(323, 'Sofia	Arana', 5, NULL, NULL, 0, '2011-04-12', 3),
(324, 'Estefanía de Belaustegui', 5, NULL, NULL, 0, '2011-04-04', 4),
(325, 'Luciana Arballo', 5, NULL, NULL, 0, '2011-04-11', 3),
(326, 'Agustina Hiriart', 5, NULL, NULL, 0, '2011-04-18', 2),
(327, 'Sofía	Moreno', 5, NULL, NULL, 0, '2011-04-19', 4),
(328, 'Montserrat Urgell', 5, NULL, NULL, 0, '2011-04-12', 2),
(329, 'Angeles Seasone', 5, NULL, NULL, 0, '2011-04-19', 2),
(330, 'Natalia Garcia', 13, NULL, NULL, 0, '2011-04-12', 1),
(331, 'Jennifer Lerner', 13, NULL, NULL, 0, '2011-04-11', 4),
(332, 'Rebecca Deering', 13, NULL, NULL, 0, '2011-04-11', 2),
(333, 'Ana Levin', 13, NULL, NULL, 0, '2011-04-19', 3),
(334, 'Juliet Kelly', 13, NULL, NULL, 0, '2011-04-18', 2),
(335, 'Chelsea Sutcliffe', 13, NULL, NULL, 0, '2011-04-19', 3),
(336, 'Ariel Hamburger', 13, NULL, NULL, 0, '2011-04-19', 3),
(337, 'Sara Hohenshelt', 13, NULL, NULL, 0, '2011-04-19', 3),
(338, 'Luna	Ruiz', 37, NULL, NULL, 0, '2011-04-30', 3),
(339, 'Yamila Halle', 37, NULL, NULL, 0, '2011-04-26', 3),
(340, 'Guadalupe Ubeda', 37, NULL, NULL, 0, '2011-04-11', 3),
(341, 'Jesica Orselli', 37, NULL, NULL, 0, '2011-04-11', 2),
(342, 'Flavia Marcolongo', 37, NULL, NULL, 0, '2011-04-18', 3),
(343, 'Valeria Garcia', 1, NULL, NULL, 0, '2011-04-18', 3),
(344, 'Guadalupe Aristarain', 1, NULL, NULL, 0, '2011-04-18', 2),
(345, 'Josefina Aristrain', 1, NULL, NULL, 0, '2011-04-11', 3),
(346, 'Julieta Schweitzer', 1, NULL, NULL, 0, '2011-04-26', 3),
(347, 'Nuria Mendez', 1, NULL, NULL, 0, '2011-04-19', 3),
(348, 'Analía Roldán', 12, NULL, NULL, 0, '2011-04-11', 3),
(349, 'Ma. José De Brito', 12, NULL, NULL, 0, '2011-04-19', 4),
(350, 'Noelia Reynoso', 12, NULL, NULL, 0, '2011-04-18', 3),
(351, 'Luciana Antonicelli', 12, NULL, NULL, 0, '2011-04-11', 3),
(352, 'Analía Di Blasio', 12, NULL, NULL, 0, '2011-04-19', 2),
(353, 'Yanina Savoni', 12, NULL, NULL, 0, '2011-04-18', 3),
(354, 'Daiana Rosaschi', 12, NULL, NULL, 0, '2011-04-18', 3),
(355, 'Sofia	Poncino', 12, NULL, NULL, 0, '2011-04-19', 3),
(356, 'Rosaura Barrile', 12, NULL, NULL, 0, '2011-04-19', 3),
(357, 'Camila Lerke', 42, NULL, NULL, 0, '2011-04-18', 3),
(358, 'Paula Lerke', 42, NULL, NULL, 0, '2011-04-18', 3),
(359, 'Paz Teran', 42, NULL, NULL, 0, '2011-04-11', 3),
(360, 'Martina Lerke', 42, NULL, NULL, 0, '2011-04-11', 2),
(361, 'Lucia Ocampo', 42, NULL, NULL, 0, '2011-04-11', 3),
(362, 'Rosario Leiras', 42, NULL, NULL, 0, '2011-04-11', 3),
(363, 'Sofia Tirini', 42, NULL, NULL, 0, '2011-04-11', 3),
(364, 'Sofia Lerke', 42, NULL, NULL, 0, '2011-04-11', 3),
(365, 'Sara Sammartino', 42, NULL, NULL, 0, '2011-04-18', 3),
(366, 'Lucrecia Elissondo', 45, NULL, NULL, 0, '2011-04-18', 3),
(367, 'Rosario Tissera', 45, NULL, NULL, 0, '2011-04-18', 3),
(368, 'Florencia Dopazo', 45, NULL, NULL, 0, '2011-04-11', 3),
(369, 'Camila Rodriguez Alonzo', 45, NULL, NULL, 0, '2011-04-18', 3),
(370, 'Antonela Rudy', 45, NULL, NULL, 0, '2011-04-25', 3),
(371, 'Agustina Hauron', 45, NULL, NULL, 0, '2011-04-18', 3),
(372, 'Clara Rodriguez Amenabar', 45, NULL, NULL, 0, '2011-04-18', 3),
(373, 'Mercedes Tissera', 45, NULL, NULL, 0, '2011-04-18', 3),
(374, 'Sol Dillon', 45, NULL, NULL, 0, '2011-04-25', 3),
(375, 'Lara Botta', 40, NULL, NULL, 0, '2011-04-25', 3),
(376, 'Mariana Agüero', 40, NULL, NULL, 0, '2011-04-19', 3),
(377, 'Paulina Pelayo', 40, NULL, NULL, 0, '2011-04-26', 3),
(378, 'Magdalena Buteler', 40, NULL, NULL, 0, '2011-04-19', 3),
(379, 'Julieta Goicochea', 40, NULL, NULL, 0, '2011-04-27', 3),
(380, 'Martina Bergesio', 40, NULL, NULL, 0, '2011-04-27', 3),
(381, 'Laura Quiles', 40, NULL, NULL, 0, '2011-04-27', 3),
(382, 'Emilia Pelayo', 40, NULL, NULL, 0, '2011-04-27', 3),
(383, 'Valeria Vega', 43, NULL, NULL, 0, '2011-04-19', 3),
(384, 'Mariana Ayraudo', 43, NULL, NULL, 0, '2011-04-27', 3),
(385, 'Celina Risatti', 43, NULL, NULL, 0, '2011-04-26', 3),
(386, 'Lucia Molinari', 43, NULL, NULL, 0, '2011-04-20', 3),
(387, 'Erina Gagliano', 43, NULL, NULL, 0, '2011-04-20', 3),
(388, 'Carla Bianchi', 43, NULL, NULL, 0, '2011-04-27', 3),
(390, 'Flavia Ferradas', 43, NULL, NULL, 0, '2011-04-27', 3),
(391, 'Juliana Rodriguez', 43, NULL, NULL, 0, '2011-04-20', 3),
(392, 'Jesica Robbins', 48, NULL, NULL, 0, '2011-04-19', 3),
(393, 'Carla Civelli', 48, NULL, NULL, 0, '2011-04-19', 3),
(394, 'Victoria Riccardi', 48, NULL, NULL, 0, '2011-04-20', 3),
(395, 'Carla Pantanali', 48, NULL, NULL, 0, '2011-04-26', 3),
(396, 'Ma. Pia Moffat', 48, NULL, NULL, 0, '2011-04-20', 3),
(397, 'Simone Calbi', 48, NULL, NULL, 0, '2011-04-26', 3),
(398, 'Ma. Noelia Pardal', 46, NULL, NULL, 0, '2011-04-26', 4),
(399, 'Zoe Girado', 46, NULL, NULL, 0, '2011-04-22', 3),
(400, 'Ma. Soledad Pardal', 46, NULL, NULL, 0, '2011-04-14', 3),
(401, 'Ma. Fernanda Pardal', 46, NULL, NULL, 0, '2011-04-27', 3),
(402, 'Ma. Laura Tanno', 46, NULL, NULL, 0, '2011-04-15', 3),
(403, 'Pilar	Fracchia', 41, NULL, NULL, 0, '2011-04-20', 3),
(404, 'Mercedes	Trovato', 41, NULL, NULL, 0, '2011-04-27', 3),
(405, 'Jimena Lopez B.', 41, NULL, NULL, 0, '2011-04-27', 2),
(406, 'Lucia Casal', 41, NULL, NULL, 0, '2011-04-27', 2),
(407, 'Dolores Arguello', 41, NULL, NULL, 0, '2011-04-27', 3),
(408, 'Milagros Alzarez G.', 41, NULL, NULL, 0, '2011-04-27', 3),
(409, 'Milagros Peren', 41, NULL, NULL, 0, '2011-04-27', 3),
(410, 'Eliana Chali', 41, NULL, NULL, 0, '2011-04-27', 3),
(411, 'Luciana Selener', 39, NULL, NULL, 0, '2011-04-12', 3),
(412, 'Natalia Slovediansky', 39, NULL, NULL, 0, '2011-04-26', 2),
(413, 'Jesica Melul', 39, NULL, NULL, 0, '2011-04-16', 3),
(414, 'Florencia	Romero', 39, NULL, NULL, 0, '2011-04-27', 3),
(415, 'Micaela Serue', 39, NULL, NULL, 0, '2011-04-27', 3),
(416, 'Pamela Burd', 39, NULL, NULL, 0, '2011-04-27', 3),
(417, 'Samanta Selener', 39, NULL, NULL, 0, '2011-04-27', 3),
(418, 'Agostina Bertone', 12, NULL, NULL, 0, '2011-04-22', 3),
(419, 'María Constanza Tiemroth', 12, NULL, NULL, 0, '2011-04-23', 3),
(420, 'Natalia Elvas', 12, NULL, NULL, 0, '2011-04-30', 3),
(421, 'Patricia Rodríguez', 63, NULL, NULL, 0, '2011-06-27', 2),
(422, 'Romina Moore', 63, NULL, NULL, 0, '2011-06-27', 4),
(423, 'Ana Devita', 63, NULL, NULL, 0, '2011-06-27', 3),
(424, 'Fabiana Nuñez', 63, NULL, NULL, 0, '2011-06-27', 3),
(425, 'Gabriela Iacobellis', 63, NULL, NULL, 0, '2011-06-27', 3),
(426, 'Patricia Luna', 63, NULL, NULL, 0, '2011-06-27', 4),
(427, 'Silvia Gimenez', 63, NULL, NULL, 0, '2011-06-27', 2),
(428, 'Florencia Gundín', 63, NULL, NULL, 0, '2011-06-27', 3),
(429, 'Alejandra Cassano', 63, NULL, NULL, 0, '2011-06-27', 2),
(430, 'María José Gambandé', 63, NULL, NULL, 0, '2011-06-27', 3),
(431, 'Paola Caraballo', 66, NULL, NULL, 0, '2011-06-27', 1),
(432, 'Marisa Agüero', 66, NULL, NULL, 0, '2011-06-27', 2),
(433, 'Alejandra Santomil', 66, NULL, NULL, 0, '2011-06-27', 2),
(434, 'Vanina Castro', 66, NULL, NULL, 0, '2011-06-27', 2),
(435, 'Marcela Dángelo', 66, NULL, NULL, 0, '2011-06-27', 4),
(436, 'Yanet Rodriguez', 66, NULL, NULL, 0, '2011-06-27', 3),
(437, 'Ivana Medina', 66, NULL, NULL, 0, '2011-06-27', 3),
(438, 'Gabriela Sangineto', 68, NULL, NULL, 0, '2011-06-27', 4),
(439, 'Victoria Elli', 68, NULL, NULL, 0, '2011-06-27', 3),
(440, 'Jimena Gonzalez', 68, NULL, NULL, 0, '2011-06-27', 3),
(441, 'Cecilia Mutuverria', 68, NULL, NULL, 0, '2011-06-27', 3),
(442, 'Gabriela Douille', 68, NULL, NULL, 0, '2011-06-27', 3),
(443, 'Josefina Pettigrew', 68, NULL, NULL, 0, '2011-06-27', 2),
(444, 'Valeria Caucich', 68, NULL, NULL, 0, '2011-06-27', 3),
(445, 'Laura Cundari', 68, NULL, NULL, 0, '2011-06-27', 4),
(446, 'Agustina Rebagliati', 68, NULL, NULL, 0, '2011-06-27', 2),
(447, 'Glenda De Lullo', 68, NULL, NULL, 0, '2011-06-27', 4),
(448, 'Luz Parera', 68, NULL, NULL, 0, '2011-06-27', 3),
(449, 'Luciana Carosella', 68, NULL, NULL, 0, '2011-06-27', 4),
(450, 'Valeria Tikus', 67, NULL, NULL, 0, '2011-06-27', 2),
(451, 'Miriam Atienza', 67, NULL, NULL, 0, '2011-06-27', 3),
(452, 'Verónica Spano', 67, NULL, NULL, 0, '2011-06-27', 3),
(453, 'Cecilia Marolla', 67, NULL, NULL, 0, '2011-06-27', 2),
(454, 'Silvana Petronari', 67, NULL, NULL, 0, '2011-06-27', 4),
(455, 'Yamila Garay', 67, NULL, NULL, 0, '2011-06-27', 4),
(456, 'Valeria García', 67, NULL, NULL, 0, '2011-06-27', 3),
(457, 'Lucia Molinari', 64, NULL, NULL, 0, '2011-06-27', 2),
(458, 'Mariana Ayraudo', 64, NULL, NULL, 0, '2011-06-27', 2),
(459, 'Erina Gagliano', 67, NULL, NULL, 0, '2011-06-27', 2),
(460, 'Valeria Vega', 64, NULL, NULL, 0, '2011-06-27', 2),
(461, 'Celina Risatti', 64, NULL, NULL, 0, '2011-06-27', 2),
(462, 'Flavia Ferradas', 64, NULL, NULL, 0, '2011-06-27', 3),
(463, 'Fátima Santamaría', 64, NULL, NULL, 0, '2011-06-27', 3),
(464, 'Carla Bianchi', 64, NULL, NULL, 0, '2011-06-27', 3),
(465, 'Carolina Sareyan', 64, NULL, NULL, 0, '2011-06-27', 3),
(466, 'Rosario Menichelli', 64, NULL, NULL, 0, '2011-06-27', 4),
(467, 'María Belén Fernández', 65, NULL, NULL, 0, '2011-06-27', 3),
(468, 'Florencia Antonini', 65, NULL, NULL, 0, '2011-06-27', 3),
(469, 'Clara Vita', 65, NULL, NULL, 0, '2011-06-27', 1),
(470, 'Yelva Aubone', 65, NULL, NULL, 0, '2011-06-27', 2),
(471, 'Milagros Gutierrez', 65, NULL, NULL, 0, '2011-06-27', 3),
(472, 'Camila Insúa', 65, NULL, NULL, 0, '2011-06-27', 4),
(473, 'Carolina Fierens', 65, NULL, NULL, 0, '2011-06-27', 3),
(474, 'Julieta Quevedo', 65, NULL, NULL, 0, '2011-06-27', 2),
(475, 'Martina Fernández', 65, NULL, NULL, 0, '2011-06-27', 4),
(476, 'María José Dominguez', 65, NULL, NULL, 0, '2011-06-27', 4),
(477, 'Macarena Sosa Verliac', 70, NULL, NULL, 0, '2011-06-27', 2),
(478, 'Soledad Lencina Leites', 70, NULL, NULL, 0, '2011-06-27', 3),
(479, 'Michelle Barmaymon', 70, NULL, NULL, 0, '2011-06-27', 3),
(480, 'María Emilia Godoy', 70, NULL, NULL, 0, '2011-06-27', 4),
(481, 'Laura Cáceres', 70, NULL, NULL, 0, '2011-06-27', 2),
(482, 'María Laura Tanno', 70, NULL, NULL, 0, '2011-06-27', 3),
(483, 'Luciana Godoy', 70, NULL, NULL, 0, '2011-06-27', 4),
(484, 'Carolina Campero', 70, NULL, NULL, 0, '2011-06-27', 3),
(485, 'Belén Colman', 70, NULL, NULL, 0, '2011-06-27', 3),
(486, 'Romina Barbera', 81, NULL, NULL, 0, '2011-09-18', 2),
(487, 'Clara Ghio', 81, NULL, NULL, 0, '2011-09-16', 2),
(488, 'Leticia Monti', 81, NULL, NULL, 0, '2011-09-23', 2),
(489, 'Leticia Arribas', 81, NULL, NULL, 0, '2011-09-16', 1),
(490, 'Soledad Pappalardo', 81, NULL, NULL, 0, '2011-09-30', 1),
(491, 'Pilar Leiva', 81, NULL, NULL, 0, '2011-09-22', 3),
(492, 'Pilar Moreno', 81, NULL, NULL, 0, '2011-09-24', 4),
(493, 'Julieta Rodriguez', 81, NULL, NULL, 0, '2011-09-07', 2),
(494, 'Eliana Jaca', 81, NULL, NULL, 0, '2011-09-23', 1),
(495, 'Clara Mayorga', 81, NULL, NULL, 0, '2011-09-03', 2),
(496, 'Lucila Ramenzzoni', 81, NULL, NULL, 0, '2011-09-25', 3),
(497, 'Guillermina Pienovi', 81, NULL, NULL, 0, '2011-09-10', 2),
(498, 'Pamela Burd', 39, NULL, NULL, 0, '2011-09-30', 2),
(499, 'Florencia Offer', 39, NULL, NULL, 0, '2011-09-23', 4),
(500, 'Giselle Canteros', 46, NULL, NULL, 0, '2011-09-30', 3),
(501, 'Karina Lusquiños', 46, NULL, NULL, 0, '2011-09-02', 1),
(502, 'Carla Digregorio', 84, NULL, NULL, 0, '2011-09-24', 3),
(503, 'Mariana Beato', 84, NULL, NULL, 0, '2011-09-24', 2),
(504, 'Sara Postan', 84, NULL, NULL, 0, '2011-09-23', 3),
(505, 'Cecilia Catroppi', 84, NULL, NULL, 0, '2011-09-16', 2),
(506, 'Agustina Tomolini', 84, NULL, NULL, 0, '2011-09-24', 3),
(507, 'Belén Botta', 84, NULL, NULL, 0, '2011-09-30', 2),
(508, 'Carolina Carodonna', 84, NULL, NULL, 0, '2011-09-30', 1),
(509, 'Mariana Cabanillas', 84, NULL, NULL, 0, '2011-10-01', 3),
(510, 'Paula Fernandez', 84, NULL, NULL, 0, '2011-09-30', 1),
(511, 'Lourdes Grondona', 42, NULL, NULL, 0, '2011-09-30', 4),
(512, 'Lula Waldman', 54, NULL, NULL, 0, '2011-09-29', 2),
(513, 'Lai Frydman', 54, NULL, NULL, 0, '2011-09-30', 2),
(514, 'Attenya Buonvicino', 82, NULL, NULL, 0, '2011-09-15', 4),
(515, 'Florencia 	Peñalver', 82, NULL, NULL, 0, '2011-09-30', 2),
(516, 'Florencia 	Costa', 82, NULL, NULL, 0, '2011-09-23', 3),
(517, 'Macarena 	Urbieta', 82, NULL, NULL, 0, '2011-09-16', 4),
(518, 'Cecilia Gonzalez', 82, NULL, NULL, 0, '2011-09-30', 3),
(519, 'Anahi Balanho', 82, NULL, NULL, 0, '2011-09-23', 2),
(520, 'Andrea Arden', 82, NULL, NULL, 0, '2011-09-24', 3),
(521, 'Gabriela Diaz', 82, NULL, NULL, 0, '2011-09-23', 3),
(522, 'Milagros Sunshine', 82, NULL, NULL, 0, '2011-09-03', 2),
(523, 'Alexia Sauma', 82, NULL, NULL, 0, '2011-09-29', 3),
(524, 'Analen Benitez', 82, NULL, NULL, 0, '2011-09-20', 3),
(525, 'Barbara Masotto', 82, NULL, NULL, 0, '2011-09-30', 3),
(526, 'Magdalena Leiva', 86, NULL, NULL, 0, '2011-10-01', 3),
(527, 'Carolina Cuenca', 86, NULL, NULL, 0, '2011-09-23', 3),
(528, 'Martina Buono', 86, NULL, NULL, 0, '2011-09-30', 3),
(529, 'Manuela Duhau', 86, NULL, NULL, 0, '2011-10-01', 3),
(530, 'María Eugenia Molinari', 86, NULL, NULL, 0, '2011-09-24', 3),
(531, 'María Pelletier', 86, NULL, NULL, 0, '2011-09-30', 3),
(532, 'Valentina Ricci', 86, NULL, NULL, 0, '2011-09-30', 3),
(533, 'Agustina Gonzalez', 85, NULL, NULL, 0, '2011-09-30', 3),
(534, 'Marina Ortega', 85, NULL, NULL, 0, '2011-09-08', 3),
(535, 'Paz Notararigo', 85, NULL, NULL, 0, '2011-09-10', 3),
(536, 'Catalina Alonso', 85, NULL, NULL, 0, '2011-09-10', 3),
(537, 'Maria Gomez', 85, NULL, NULL, 0, '2011-09-24', 3),
(538, 'Cinthya Curzio', 85, NULL, NULL, 0, '2011-09-24', 3),
(539, 'Margarita Petit', 85, NULL, NULL, 0, '2011-09-24', 3),
(540, 'Telma Arias Miño', 85, NULL, NULL, 0, '2011-09-25', 3),
(541, 'Teresa Alem', 85, NULL, NULL, 0, '2011-09-17', 3),
(542, 'Mariana Strauss', 48, NULL, NULL, 0, '2011-09-30', 3),
(543, 'Laura Senés', 48, NULL, NULL, 0, '2011-09-17', 3),
(544, 'Daiana Menaged', 83, NULL, NULL, 0, '2011-09-23', 3),
(545, 'Leila Goldcher', 83, NULL, NULL, 0, '2011-09-24', 3),
(546, 'Nadia Javkin', 83, NULL, NULL, 0, '2011-09-24', 3),
(547, 'Maia Ganon', 83, NULL, NULL, 0, '2011-09-30', 3),
(548, 'Leslie Szwarc', 83, NULL, NULL, 0, '2011-09-18', 3),
(549, 'Gabriela Aruguete', 83, NULL, NULL, 0, '2011-09-30', 3),
(550, 'Natalia Makarovsky', 83, NULL, NULL, 0, '2011-09-16', 3),
(551, 'Sol Cotton', 83, NULL, NULL, 0, '2011-10-02', 2),
(552, 'Rocio Marquez', 83, NULL, NULL, 0, '2011-09-24', 3),
(553, 'Sheila Bursztyn', 83, NULL, NULL, 0, '2011-10-01', 3),
(554, 'Delfina  Castresana', 40, NULL, NULL, 0, '2011-09-23', 3),
(555, 'Marta Francés', 40, NULL, NULL, 0, '2011-09-30', 3),
(556, 'Agustina Reyna', 40, NULL, NULL, 0, '2011-09-24', 3),
(557, 'Lorena Vladez', 40, NULL, NULL, 0, '2011-09-15', 3),
(558, 'Natalia Aurignac', 80, NULL, NULL, 0, '2011-10-01', 3),
(559, 'Juliana Mackinlay', 80, NULL, NULL, 0, '2011-10-01', 3),
(560, 'Carina Aranda', 80, NULL, NULL, 0, '2011-09-24', 3),
(561, 'Mariel Zalazar', 80, NULL, NULL, 0, '2011-09-30', 3),
(562, 'Maria Luz Catuzzi', 80, NULL, NULL, 0, '2011-09-23', 1),
(563, 'Constanza Arado', 80, NULL, NULL, 0, '2011-10-01', 1),
(564, 'Soledad Treviranus', 80, NULL, NULL, 0, '2011-10-01', 1),
(565, 'Teresa Bellini', 52, NULL, NULL, 0, '2011-10-01', 3),
(566, 'Brunella Guerra', 55, NULL, NULL, 0, '2011-09-24', 3),
(567, 'Rocío Fuentes', 34, NULL, NULL, 0, '2011-09-24', 3),
(568, 'Irene Wood', 34, NULL, NULL, 0, '2011-09-10', 3),
(569, 'Antonella Panebianco', 31, NULL, NULL, 0, '2011-09-30', 3),
(570, 'Requina Quintana', 77, NULL, NULL, 0, '2011-09-24', 1),
(571, 'Titi Quintana', 77, NULL, NULL, 0, '2011-09-30', 3),
(572, 'Yamila Garay', 77, NULL, NULL, 0, '2011-10-01', 3),
(573, 'Camila Prusso', 77, NULL, NULL, 0, '2011-09-24', 3),
(574, 'Noel Sanchez', 77, NULL, NULL, 0, '2011-09-23', 3),
(575, 'Sandra Servin Cuevas', 77, NULL, NULL, 0, '2011-09-30', 3),
(576, 'Florencia Terraciano', 32, NULL, NULL, 0, '2011-09-24', 1),
(577, 'Carolina Mastrocola', 32, NULL, NULL, 0, '2011-09-30', 3),
(578, 'Sofía Barberini', 75, NULL, NULL, 0, '2011-09-30', 1),
(579, 'Daiana Caceres', 75, NULL, NULL, 0, '2011-09-23', 1),
(580, 'Florencia Mo', 75, NULL, NULL, 0, '2011-09-23', 3),
(581, 'Araceli Larrosa', 75, NULL, NULL, 0, '2011-10-01', 3),
(582, 'Andrea Michelini', 75, NULL, NULL, 0, '2011-09-23', 3),
(583, 'Yanina Isaurralde', 75, NULL, NULL, 0, '2011-09-24', 3),
(584, 'Melisa Moliné', 75, NULL, NULL, 0, '2011-09-08', 3),
(585, 'Sofía Palazzo', 79, NULL, NULL, 0, '2011-09-15', 2),
(586, 'Sofía Benchetrit', 79, NULL, NULL, 0, '2011-09-17', 3),
(587, 'Eugenia Martinez', 79, NULL, NULL, 0, '2011-09-15', 1),
(588, 'Sofía Benchetrit', 79, NULL, NULL, 0, '2011-09-17', 3),
(589, 'Abril Carreras', 79, NULL, NULL, 0, '2011-09-22', 3),
(590, 'Emilia Fernandez', 79, NULL, NULL, 0, '2011-10-01', 1),
(591, 'Natalia Fernandez', 79, NULL, NULL, 0, '2011-10-01', 1),
(592, 'Natalí Polak', 79, NULL, NULL, 0, '2011-09-02', 3),
(593, 'Nancy Albarracín', 51, NULL, NULL, 0, '2011-10-01', 2),
(594, 'Laura Turri', 5, NULL, NULL, 0, '2011-09-03', 3),
(595, 'Josefina d'' Hiriart', 1, NULL, NULL, 0, '2011-09-16', 3),
(596, 'Carina Jaraj', 1, NULL, NULL, 0, '2011-09-16', 3),
(597, 'Natalia Casavieja', 10, NULL, NULL, 0, '2011-09-02', 3),
(598, 'Nancy Dadino', 11, NULL, NULL, 0, '2011-09-02', 3),
(599, 'Rebeca Zapata', 72, NULL, NULL, 0, '2011-09-24', 3),
(600, 'Elina Luque', 72, NULL, NULL, 0, '2011-09-01', 3),
(601, 'Soledad Falcón', 72, NULL, NULL, 0, '2011-09-24', 3),
(602, 'Victoria Sesia', 72, NULL, NULL, 0, '2011-10-01', 1),
(603, 'Elena Tobares', 72, NULL, NULL, 0, '2011-09-30', 3),
(604, 'Juana Castillo', 72, NULL, NULL, 0, '2011-09-24', 3),
(605, 'Soledad Mujica', 72, NULL, NULL, 0, '2011-09-07', 1),
(606, 'Yesica Milizia', 72, NULL, NULL, 0, '2011-09-24', 1),
(607, 'Luisa Leaño', 73, NULL, NULL, 0, '2011-08-31', 1),
(608, 'Gisela Jato', 73, NULL, NULL, 0, '2011-09-24', 3),
(609, 'Mariana Delgado', 73, NULL, NULL, 0, '2011-10-01', 4),
(610, 'Micaela Turek', 73, NULL, NULL, 0, '2011-09-22', 3),
(611, 'Griselda Acosta', 73, NULL, NULL, 0, '2011-10-01', 3),
(612, 'Noelia Centero', 73, NULL, NULL, 0, '2011-09-23', 3),
(613, 'Natalia Chade', 8, NULL, NULL, 0, '2011-09-09', 3),
(614, 'Barbara Riccomanin', 8, NULL, NULL, 0, '2011-09-16', 3),
(616, 'Noelia Centero', 73, NULL, NULL, 0, '2011-09-23', 3),
(617, 'Mariana Cortés', 78, NULL, NULL, 0, '2011-09-24', 3),
(618, 'Daniela Vasquez', 78, NULL, NULL, 0, '2011-09-30', 1),
(619, 'Florencia Varela', 78, NULL, NULL, 0, '2011-10-02', 3),
(620, 'Paloma Barrios', 78, NULL, NULL, 0, '2011-09-30', 1),
(621, 'Florencia Buh', 78, NULL, NULL, 0, '2011-09-24', 1),
(622, 'Victoria Serafini', 78, NULL, NULL, 0, '2011-09-15', 1),
(623, 'Carolina Villafañe', 74, NULL, NULL, 0, '2011-09-24', 2),
(624, 'Florencia Zrycki', 74, NULL, NULL, 0, '2011-09-01', 3),
(625, 'Romina Bouchet', 74, NULL, NULL, 0, '2011-10-01', 1),
(626, 'Analia Bulbulian', 74, NULL, NULL, 0, '2011-10-01', 3),
(627, 'Nicole Pinnola', 74, NULL, NULL, 0, '2011-09-15', 3),
(628, 'Daniela Dibilio', 74, NULL, NULL, 0, '2011-09-24', 1),
(629, 'Mariana De Innocenti', 74, NULL, NULL, 0, '2011-09-30', 3),
(630, 'Milagros Carballo', 76, NULL, NULL, 0, '2011-09-29', 3),
(631, 'Daniela Carballo', 76, NULL, NULL, 0, '2011-10-01', 3),
(632, 'Paola Jenkins', 76, NULL, NULL, 0, '2011-09-30', 3),
(633, 'Guadalupe Delgado', 76, NULL, NULL, 0, '2011-10-01', 3),
(634, 'Marisol Mastroberti', 76, NULL, NULL, 0, '2011-09-14', 3),
(635, 'Andrea Tramutola', 76, NULL, NULL, 0, '2011-09-16', 3),
(636, 'Carolina Martinez', 76, NULL, NULL, 0, '2011-10-01', 3),
(637, 'Claudia Garcia', 76, NULL, NULL, 0, '2011-09-24', 3),
(638, 'Adriana Koch', 76, NULL, NULL, 0, '2011-09-24', 3),
(639, 'Liliana Morosini', 76, NULL, NULL, 0, '2011-09-15', 3),
(641, 'Marta Lalane', 60, NULL, NULL, 0, '2011-09-22', 3),
(642, 'Roxana Bermudes', 60, NULL, NULL, 0, '2011-09-30', 3),
(643, 'Alejandra Barsamian', 46, NULL, NULL, 0, '2011-09-17', 3),
(644, 'Lucía illa', 48, NULL, NULL, 0, '2011-09-10', 1),
(645, 'Angie Calderone', 40, NULL, NULL, 0, '2011-09-10', 1),
(646, 'Florencia Ferta', 13, NULL, NULL, 0, '2011-09-17', 3),
(647, 'Jimena Cuenca', 11, NULL, NULL, 0, '2011-09-17', 2),
(648, 'Natalia Hernandez', 7, NULL, NULL, 0, '2011-09-17', 2),
(649, 'Fabiana Cergneux', 87, NULL, NULL, 0, '2011-09-24', 3),
(650, 'Lorena Asurmendi', 87, NULL, NULL, 0, '2011-09-25', 1),
(651, 'Ana Gorjon', 87, NULL, NULL, 0, '2011-09-25', 2),
(652, 'Clarisa Camacci', 87, NULL, NULL, 0, '2011-10-02', 1),
(653, 'Ana Paula Sanchez', 87, NULL, NULL, 0, '2011-09-24', 2),
(654, 'Maria Sol Lorenzetti', 87, NULL, NULL, 0, '2011-09-17', 1),
(655, 'Florencia Dragonetti', 87, NULL, NULL, 0, '2011-09-24', 2),
(656, 'Martina Proserpio', 87, NULL, NULL, 0, '2011-10-01', 4),
(657, 'Maria Florencia Canusso', 87, NULL, NULL, 0, '2011-09-24', 4),
(658, 'Erica Badell', 87, NULL, NULL, 0, '2011-10-01', 3),
(659, 'Mariangeles Sidero', 87, NULL, NULL, 0, '2011-10-01', 2),
(660, 'Veronica Rodriguez', 87, NULL, NULL, 0, '2011-09-23', 3),
(661, 'Manuela Maunier', 87, NULL, NULL, 0, '2011-09-25', 2),
(662, 'Clara Gallardo', 61, NULL, NULL, 0, '2011-09-17', 2),
(663, 'Mariela Bravo', 72, NULL, NULL, 0, '2011-09-18', 3),
(664, 'Wanda Blanco', 72, NULL, NULL, 0, '2011-09-18', 2),
(665, 'Daiana Caceres', 72, NULL, NULL, 0, '2011-09-25', 2),
(666, 'Veronica Obregon', 11, NULL, NULL, 0, '2011-09-25', 2),
(667, 'Soledad Tantera', 11, NULL, NULL, 0, '2011-09-09', 3),
(668, 'Eugenia Alvarez', 11, NULL, NULL, 0, '2011-09-24', 3),
(669, 'Brenda Gauto', 60, NULL, NULL, 0, '2011-09-11', 3),
(670, 'Vanesa Jimenez', 61, NULL, NULL, 0, '2011-10-01', 2),
(671, 'Marcela Cerrutti', 61, NULL, NULL, 0, '2011-10-01', 3),
(672, 'Soledad Tantera', 11, NULL, NULL, 0, '2011-09-25', 2),
(673, 'Veronica Fotia', 11, NULL, NULL, 0, '2011-10-02', 3),
(675, 'Claudia Vieytes', 10, NULL, NULL, 0, '2011-10-02', 3),
(676, 'Sol Milillo', 10, NULL, NULL, 0, '2011-09-25', 2),
(677, 'Virginia Felice', 10, NULL, NULL, 0, '2011-09-18', 2),
(678, 'Natalia Elvas', 88, NULL, NULL, 0, '2011-10-01', 2),
(679, 'Daiana Rosaschi', 88, NULL, NULL, 0, '2011-09-24', 3),
(680, 'María José De Brito', 88, NULL, NULL, 0, '2011-09-24', 4),
(681, 'Analía Di Blasio', 88, NULL, NULL, 0, '2011-09-22', 3),
(682, 'Noelia Reynoso', 88, NULL, NULL, 0, '2011-09-24', 3),
(683, 'Analía Roldán', 88, NULL, NULL, 0, '2011-09-25', 2),
(684, 'María Constanza Tiemroth', 88, NULL, NULL, 0, '2011-09-24', 3),
(685, 'Luciana Antonicelli', 88, NULL, NULL, 0, '2011-09-25', 3),
(686, 'Estefanía Chediak', 88, NULL, NULL, 0, '2011-09-25', 2),
(687, 'M. Victoria Sturla Freije', 88, NULL, NULL, 0, '2011-09-17', 3),
(688, 'Sofia Poncino', 88, NULL, NULL, 0, '2011-09-17', 2),
(689, 'Yanina Savoni', 88, NULL, NULL, 0, '2011-09-10', 2),
(690, 'Florencia Bozza', 48, NULL, NULL, 0, '2011-09-18', 3),
(691, 'Manuela Arecha', 45, NULL, NULL, 0, '2011-09-24', 2),
(692, 'Mora Christensen', 45, NULL, NULL, 0, '2011-09-17', 3),
(693, 'Lucila Scelso', 84, NULL, NULL, 0, '2011-09-18', 2),
(694, 'Catalina Almada', 40, NULL, NULL, 0, '2011-09-04', 2),
(695, 'Florencia Genta', 33, NULL, NULL, 0, '2011-09-15', 4),
(696, 'Milagros Seijas', 79, NULL, NULL, 0, '2011-09-23', 2),
(697, 'M. Eva Mendes', 52, NULL, NULL, 0, '2011-09-01', 3),
(699, 'Trinidad Moramdo', 35, NULL, NULL, 0, '2011-09-30', 3),
(700, 'Florencia Aguero', 35, NULL, NULL, 0, '2011-09-13', 2),
(701, 'Brenda Erdei', 53, NULL, NULL, 0, '2011-09-23', 1),
(702, 'Carol Seslousky', 53, NULL, NULL, 0, '2011-09-30', 2),
(703, 'Carla Albacetti', 62, NULL, NULL, 0, '2011-10-02', 4),
(704, 'M. Eugenia Rogatti', 34, NULL, NULL, 0, '2011-09-25', 2),
(705, 'Leila Abadi Casaburi', 34, NULL, NULL, 0, '2011-09-25', 2),
(706, 'Romina Barbera', 89, NULL, NULL, 0, '2011-09-18', 2),
(707, 'Clara Ghio', 89, NULL, NULL, 0, '2011-09-25', 2),
(708, 'Leticia Monti', 89, NULL, NULL, 0, '2011-09-11', 3),
(709, 'Leticia Arribas', 89, NULL, NULL, 0, '2011-09-11', 3),
(710, 'Soledad Pappalardo', 89, NULL, NULL, 0, '2011-09-11', 3),
(711, 'Pilar Leiva', 89, NULL, NULL, 0, '2011-09-18', 2),
(712, 'Pilar Moreno', 89, NULL, NULL, 0, '2011-09-25', 2),
(713, 'Julieta Rodriguez', 89, NULL, NULL, 0, '2011-09-25', 2),
(714, 'Eliana Jaca', 89, NULL, NULL, 0, '2011-09-24', 2),
(715, 'Clara Mayorga', 89, NULL, NULL, 0, '2011-10-02', 1),
(716, 'Clara Mayorga', 89, NULL, NULL, 0, '2011-09-18', 2),
(717, 'Lucila Ramenzzoni', 89, NULL, NULL, 0, '2011-09-24', 4),
(718, 'Guillermina Pienovi', 89, NULL, NULL, 0, '2011-10-02', 2),
(719, 'Andrea Kofman', 54, NULL, NULL, 0, '2011-10-22', 2),
(720, 'Leila Lucasi', 39, NULL, NULL, 0, '2011-10-21', 2),
(721, 'Marianela Perona', 58, NULL, NULL, 0, '2011-10-06', 1),
(722, 'Roma', 1, NULL, NULL, 0, '2011-10-14', 2),
(723, 'Carolina Mansilla', 72, NULL, NULL, 0, '2011-10-21', 2),
(724, 'Macarena Sosa Verliac', 51, NULL, NULL, 0, '2011-10-27', 2),
(726, 'Belen Bastero', 55, NULL, NULL, 0, '2011-10-29', 2),
(727, 'Veronica Baez', 46, NULL, NULL, 0, '2011-10-23', 2),
(728, 'Magdalena Aguirre', 79, NULL, NULL, 0, '2011-10-23', 2),
(729, 'Clara Marghetti', 52, NULL, NULL, 0, '2011-10-23', 3),
(730, 'Tess Brooks', 13, NULL, NULL, 0, '2011-10-23', 2),
(731, 'María Niquias', 82, NULL, NULL, 0, '2011-10-28', 1),
(732, 'Catalina Magnasco', 45, NULL, NULL, 0, '2011-10-21', 1),
(733, 'Victoria Aleman', 45, NULL, NULL, 0, '2011-10-29', 2),
(735, 'Delfina Mansilla', 1, NULL, NULL, 0, '2011-10-29', 2),
(736, 'Gabriela Soracco', 59, NULL, NULL, 0, '2011-10-23', 3),
(737, 'Laura Dobry', 77, NULL, NULL, 0, '2011-10-29', 3),
(738, 'Dana Cavallaro', 76, NULL, NULL, 0, '2011-10-30', 3),
(739, 'Andrea Di Ciocco', 52, NULL, NULL, 0, '2011-10-23', 2),
(740, 'Micaela Acosta', 51, NULL, NULL, 0, '2011-10-16', 2),
(741, 'Ana Paula Runge', 35, NULL, NULL, 0, '2011-10-23', 3),
(742, 'Cinthia Peréz', 84, NULL, NULL, 0, '2011-11-20', 2),
(743, 'Sol Vázquez', 59, NULL, NULL, 0, '2011-11-27', 2),
(744, 'Samia Abait', 45, NULL, NULL, 0, '2011-11-27', 2),
(745, 'Magdalena Magnasco', 45, NULL, NULL, 0, '2011-11-20', 3),
(746, 'Paloma Prol', 54, NULL, NULL, 0, '2011-11-13', 2),
(747, 'Gisele Zelame', 72, NULL, NULL, 0, '2011-11-13', 2),
(748, 'Laura Dalul', 48, NULL, NULL, 0, '2011-11-19', 2),
(749, 'Ludmila Palazzo', 80, NULL, NULL, 0, '2011-11-27', 2),
(750, 'Sofía Amaya', 57, NULL, NULL, 0, '2011-11-27', 1),
(751, 'Marianela César', 87, NULL, NULL, 0, '2011-11-26', 2),
(752, 'Julieta Luz Gonzalez', 89, NULL, NULL, 0, '2011-11-27', 2),
(753, 'Laura Mardofky', 33, NULL, NULL, 0, '2011-11-26', 1),
(754, 'Lorena Pampín', 59, NULL, NULL, 0, '2011-12-18', 1),
(755, 'Indiana Quiñones', 59, NULL, NULL, 0, '2011-12-11', 2),
(756, 'Eugenia Grima', 42, NULL, NULL, 0, '2011-12-18', 2),
(757, 'Paloma Ruiz Diaz', 78, NULL, NULL, 0, '2011-12-10', 3),
(758, 'Magaly Guerrero', 74, NULL, NULL, 0, '2011-12-10', 3),
(759, 'Maria Laura Giorgi', 62, NULL, NULL, 0, '2011-12-25', 2),
(760, 'Vanesa Macri', 86, NULL, NULL, 0, '2012-03-17', 2),
(761, 'Rosalia Mandrile', 43, NULL, NULL, 0, '2012-03-25', 2),
(762, 'Florencia Mandrile', 43, NULL, NULL, 0, '2012-03-25', 3),
(763, 'Florencia Pachevoy', 52, NULL, NULL, 0, '2012-03-18', 2),
(764, 'Paula Moreno', 85, NULL, NULL, 0, '2012-03-25', 2),
(765, 'Victoria Prado', 84, NULL, NULL, 0, '2012-03-25', 4),
(766, 'Eugenia Rey Nores', 43, NULL, NULL, 0, '2012-03-25', 2),
(767, 'Mariana Ayraudo', 43, NULL, NULL, 0, '2012-03-11', 3),
(768, 'Melany Safdie', 54, NULL, NULL, 0, '2012-03-25', 2),
(769, 'Daniela Lopez', 41, NULL, NULL, 0, '2012-03-18', 2),
(770, 'Emilia Magnasco', 45, NULL, NULL, 0, '2012-03-25', 2),
(771, 'Maria Michel', 45, NULL, NULL, 0, '2012-03-25', 3),
(772, 'Maria Jose Alvarez', 31, NULL, NULL, 0, '2012-03-25', 2);

-- --------------------------------------------------------

--
-- Estructura de tabla para la tabla `ga_noticias`
--

CREATE TABLE IF NOT EXISTS `ga_noticias` (
  `id` int(11) NOT NULL auto_increment,
  `titulo` varchar(250) NOT NULL default '',
  `desarrollo` text NOT NULL,
  `fecha` date NOT NULL default '0000-00-00',
  `posicion` int(11) NOT NULL default '0',
  `idTorneoCat` int(11) NOT NULL default '0',
  PRIMARY KEY  (`id`)
) ENGINE=InnoDB DEFAULT CHARSET=latin1 AUTO_INCREMENT=35 ;

--
-- Volcar la base de datos para la tabla `ga_noticias`
--

INSERT INTO `ga_noticias` (`id`, `titulo`, `desarrollo`, `fecha`, `posicion`, `idTorneoCat`) VALUES
(20, 'Convenio de Entrenamiento con el Club A. Fénix', 'Gambeta Femenina ha realizado un convenio con el Club Atlético Fenix de Colegiales, que a partir del mes de Octubre abrió su Escuela de Formación y Entrenamiento de Fútbol Femenino!<br><br>\r\n\r\nLa Escuela ya cuenta con más de 50 chicas inscriptas, dando la posibildad de entrenar hasta 3 días por semana: Lunes, Miércoles y/o Jueves en el horario de 20 a 22 hs!<br><br>\r\n\r\nLos entrenamientos comprenden parte física, táctica y técnica. Asimismo, cuenta con asistencia de cuerpo médico y nutrición en algunos entrenamientos y previo a las competiciones del Club.<br><br>\r\n\r\nLa Escuela de formación está destinada a todas las chicas que quieran jugar al fútbol! Sin importar el nivel ni la edad!! <br><br>\r\n\r\nAsimismo, El Club Fenix comenzará a competir en Fútbol 11 y Futsal de AFA, por lo que también formará los planteles para las actividades del 2012!<br><br>\r\n\r\nDesde Octubre ya comenzaron los entrenamientos en el barrio de Colegiales!! Si te querés sumar, escribinos a Fenixfutbolfemenino@gmail.com. Te esperamos!!!', '2011-12-27', 0, 0),
(23, 'Pretemporada Gambetera Verano 2012!', 'Porque acompañamos al Fútbol Femenino desde 2006, sabemos que esta Pasión no se toma vacaciones! Por eso, ya comienza la Pretemporada Gambetera 2012!! <br><br>\r\nDurante Enero y Febrero, todos los sábados y domingos por la tarde, estaremos realizando Torneos Relámpagos, partidos amistosos y Copas Desafío de un solo día!! Empezá a prepararte para el Clausura 2012!! <br><br>\r\nCada fin de semana se renovarán las ilusiones, las ganas de jugar y la lucha por el primer título del año!! Que la pelota no pare de rodar! A recibir el 2012 a puro fútbol!! <br><br>\r\nInformes e inscripción en: info@gambetafemenina.com.ar\r\n', '2011-12-27', 1, 0),
(24, 'Cronograma', 'Chicas! Les informamos que este viernes 1/7 no habrá fecha debido al debut de la Selección Argentina en la Copa América. <br>\r\nLos partidos programados para tal día se jugarán el día viernes 28 de Octubre en los mismos horarios. <br><br>\r\nPara una mejor comprensión de los horarios y cronograma de partidos, se ha enviado a la capitana y referente de cada equipo el Fixture completo de La Liga. <br><br>\r\nA partir del conocimiento con antelación de los mismos, no se podrán garantizar modificaciones de días u horarios con posterioridad al partido inmediato anterior a que se juegue la fecha en cuestión, pudiéndose otorgar los puntos al equipo rival.\r\n', '2011-06-29', 0, 1),
(30, 'Convenio de Entrenamiento con el Club A. Fenix', 'Gambeta Femenina ha realizado un convenio con el Club Atlético Fenix de Colegiales, que a partir del mes de Octubre abrió su Escuela de Formación y Entrenamiento de Fútbol Femenino!<br><br>\r\n\r\nLa Escuela ya cuenta con más de 50 chicas inscriptas, dando la posibildad de entrenar hasta 3 días por semana: Lunes, Miércoles y/o Jueves en el horario de 20 a 22 hs!<br><br>\r\n\r\nLos entrenamientos comprenden parte física, táctica y técnica. Asimismo, cuenta con asistencia de cuerpo médico y nutrición en algunos entrenamientos y previo a las competiciones del Club.<br><br>\r\n\r\nLa Escuela de formación está destinada a todas las chicas que quieran jugar al fútbol! Sin importar el nivel ni la edad!! <br><br>\r\n\r\nAsimismo, El Club Fenix comenzará a competir en Fútbol 11 y Futsal de AFA, por lo que también formará los planteles para las actividades del 2012!<br><br>\r\n\r\nDesde Octubre ya comenzaron los entrenamientos en el barrio de Colegiales!! Si te querés sumar, escribinos a Fenixfutbolfemenino@gmail.com. Te esperamos!!!', '2011-10-12', 1, 13),
(31, 'Convenio de Entrenamiento con el Club A. Fenix', 'Gambeta Femenina ha realizado un convenio con el Club Atlético Fenix de Colegiales, que a partir del mes de Octubre abrió su Escuela de Formación y Entrenamiento de Fútbol Femenino!<br><br>\r\n\r\nLa Escuela ya cuenta con más de 50 chicas inscriptas, dando la posibildad de entrenar hasta 3 días por semana: Lunes, Miércoles y/o Jueves en el horario de 20 a 22 hs!<br><br>\r\n\r\nLos entrenamientos comprenden parte física, táctica y técnica. Asimismo, cuenta con asistencia de cuerpo médico y nutrición en algunos entrenamientos y previo a las competiciones del Club.<br><br>\r\n\r\nLa Escuela de formación está destinada a todas las chicas que quieran jugar al fútbol! Sin importar el nivel ni la edad!! <br><br>\r\n\r\nAsimismo, El Club Fenix comenzará a competir en Fútbol 11 y Futsal de AFA, por lo que también formará los planteles para las actividades del 2012!<br><br>\r\n\r\nDesde Octubre ya comenzaron los entrenamientos en el barrio de Colegiales!! Si te querés sumar, escribinos a Fenixfutbolfemenino@gmail.com. Te esperamos!!!', '2011-10-12', 1, 19),
(32, 'Convenio de Entrenamiento con el Club A. Fenix', 'Gambeta Femenina ha realizado un convenio con el Club Atlético Fenix de Colegiales, que a partir del mes de Octubre abrió su Escuela de Formación y Entrenamiento de Fútbol Femenino!<br><br>\r\n\r\nLa Escuela ya cuenta con más de 50 chicas inscriptas, dando la posibildad de entrenar hasta 3 días por semana: Lunes, Miércoles y/o Jueves en el horario de 20 a 22 hs!<br><br>\r\n\r\nLos entrenamientos comprenden parte física, táctica y técnica. Asimismo, cuenta con asistencia de cuerpo médico y nutrición en algunos entrenamientos y previo a las competiciones del Club.<br><br>\r\n\r\nLa Escuela de formación está destinada a todas las chicas que quieran jugar al fútbol! Sin importar el nivel ni la edad!! <br><br>\r\n\r\nAsimismo, El Club Fenix comenzará a competir en Fútbol 11 y Futsal de AFA, por lo que también formará los planteles para las actividades del 2012!<br><br>\r\n\r\nDesde Octubre ya comenzaron los entrenamientos en el barrio de Colegiales!! Si te querés sumar, escribinos a Fenixfutbolfemenino@gmail.com. Te esperamos!!!', '2011-10-12', 1, 15),
(33, 'Convenio de Entrenamiento con el Club A. Fenix', 'Gambeta Femenina ha realizado un convenio con el Club Atlético Fenix de Colegiales, que a partir del mes de Octubre abrió su Escuela de Formación y Entrenamiento de Fútbol Femenino!<br><br>\r\n\r\nLa Escuela ya cuenta con más de 50 chicas inscriptas, dando la posibildad de entrenar hasta 3 días por semana: Lunes, Miércoles y/o Jueves en el horario de 20 a 22 hs!<br><br>\r\n\r\nLos entrenamientos comprenden parte física, táctica y técnica. Asimismo, cuenta con asistencia de cuerpo médico y nutrición en algunos entrenamientos y previo a las competiciones del Club.<br><br>\r\n\r\nLa Escuela de formación está destinada a todas las chicas que quieran jugar al fútbol! Sin importar el nivel ni la edad!! <br><br>\r\n\r\nAsimismo, El Club Fenix comenzará a competir en Fútbol 11 y Futsal de AFA, por lo que también formará los planteles para las actividades del 2012!<br><br>\r\n\r\nDesde Octubre ya comenzaron los entrenamientos en el barrio de Colegiales!! Si te querés sumar, escribinos a Fenixfutbolfemenino@gmail.com. Te esperamos!!!', '2011-10-12', 1, 20),
(34, 'Convenio de Entrenamiento con el Club A. Fenix', 'Gambeta Femenina ha realizado un convenio con el Club Atlético Fenix de Colegiales, que a partir del mes de Octubre abrió su Escuela de Formación y Entrenamiento de Fútbol Femenino!<br><br>\r\n\r\nLa Escuela ya cuenta con más de 50 chicas inscriptas, dando la posibildad de entrenar hasta 3 días por semana: Lunes, Miércoles y/o Jueves en el horario de 20 a 22 hs!<br><br>\r\n\r\nLos entrenamientos comprenden parte física, táctica y técnica. Asimismo, cuenta con asistencia de cuerpo médico y nutrición en algunos entrenamientos y previo a las competiciones del Club.<br><br>\r\n\r\nLa Escuela de formación está destinada a todas las chicas que quieran jugar al fútbol! Sin importar el nivel ni la edad!! <br><br>\r\n\r\nAsimismo, El Club Fenix comenzará a competir en Fútbol 11 y Futsal de AFA, por lo que también formará los planteles para las actividades del 2012!<br><br>\r\n\r\nDesde Octubre ya comenzaron los entrenamientos en el barrio de Colegiales!! Si te querés sumar, escribinos a Fenixfutbolfemenino@gmail.com. Te esperamos!!!', '2011-10-12', 1, 21);

-- --------------------------------------------------------

--
-- Estructura de tabla para la tabla `ga_pantallas_fijas`
--

CREATE TABLE IF NOT EXISTS `ga_pantallas_fijas` (
  `id` int(11) NOT NULL auto_increment,
  `idTorneoCat` int(11) NOT NULL default '0',
  `posiciones` text,
  `resultados` text,
  `goleadoras` text,
  PRIMARY KEY  (`id`)
) ENGINE=InnoDB DEFAULT CHARSET=latin1 AUTO_INCREMENT=9 ;

--
-- Volcar la base de datos para la tabla `ga_pantallas_fijas`
--

INSERT INTO `ga_pantallas_fijas` (`id`, `idTorneoCat`, `posiciones`, `resultados`, `goleadoras`) VALUES
(3, 13, 'pos_13_POSICIONES_GAM_A.jpg', 'res_13_RESULTADOS_GAM_A.jpg', 'gol_13_GOLEADORAS_GAM_A.jpg'),
(4, 14, 'pos_14_POSICIONES_GAM_B.jpg', 'res_14_RESULTADOS_GAM_B.jpg', 'gol_14_GOLEADORAS_GAM_B.jpg'),
(5, 15, 'pos_15_POSICIONES_GAM_C_RECUP.jpg', 'res_15_RESULTADOS_GAM_C_RECUP.jpg', 'gol_15_GOLEADORAS_GAM_C.jpg'),
(6, 19, 'pos_19_POSICIONES_GAM_B_RECUP1.jpg', 'res_19_RESULTADOS_GAM_B_RECUP1.jpg', 'gol_19_GOLEADORAS_GAM_B.jpg'),
(7, 16, 'pos_16_POSICIONES_PAC_A.jpg', 'res_16_RESULTADOS_PAC_ida_y_vuelta_6.jpg', 'gol_16_GOLEADORAS_PAC_A.jpg'),
(8, 1, 'pos_1_POSICIONES_LIG_A_6.jpg', 'res_1_RESULTADOS_LIG_A_Nuevo_2.jpg', 'gol_1_GOLEADORAS_LIG_A_6.jpg');

-- --------------------------------------------------------

--
-- Estructura de tabla para la tabla `ga_parametros`
--

CREATE TABLE IF NOT EXISTS `ga_parametros` (
  `id` int(11) NOT NULL auto_increment,
  `constante` varchar(200) NOT NULL default '',
  `nombre` varchar(200) NOT NULL default '',
  `valor` text NOT NULL,
  PRIMARY KEY  (`id`)
) ENGINE=InnoDB DEFAULT CHARSET=latin1 AUTO_INCREMENT=3 ;

--
-- Volcar la base de datos para la tabla `ga_parametros`
--

INSERT INTO `ga_parametros` (`id`, `constante`, `nombre`, `valor`) VALUES
(1, 'PARTIDO_GANADO', 'Partido Ganado', '3'),
(2, 'PARTIDO_EMPATADO', 'Partido Empatado', '1');

-- --------------------------------------------------------

--
-- Estructura de tabla para la tabla `ga_posiciones`
--

CREATE TABLE IF NOT EXISTS `ga_posiciones` (
  `id` int(11) NOT NULL auto_increment,
  `nombre` varchar(100) NOT NULL default '',
  PRIMARY KEY  (`id`)
) ENGINE=InnoDB DEFAULT CHARSET=latin1 AUTO_INCREMENT=5 ;

--
-- Volcar la base de datos para la tabla `ga_posiciones`
--

INSERT INTO `ga_posiciones` (`id`, `nombre`) VALUES
(1, 'Arquera'),
(2, 'Defensora'),
(3, 'Volante'),
(4, 'Delantera');

-- --------------------------------------------------------

--
-- Estructura de tabla para la tabla `ga_resultados`
--

CREATE TABLE IF NOT EXISTS `ga_resultados` (
  `idFixture` int(11) NOT NULL default '0',
  `idJugadora` int(11) NOT NULL default '0',
  `goles` int(11) NOT NULL default '0',
  `tarjeta_amarilla` int(11) NOT NULL default '0',
  `tarjeta_roja` int(11) NOT NULL default '0',
  `mejor_jugadora` char(1) default 'N',
  PRIMARY KEY  (`idFixture`,`idJugadora`)
) ENGINE=InnoDB DEFAULT CHARSET=latin1;

--
-- Volcar la base de datos para la tabla `ga_resultados`
--

INSERT INTO `ga_resultados` (`idFixture`, `idJugadora`, `goles`, `tarjeta_amarilla`, `tarjeta_roja`, `mejor_jugadora`) VALUES
(295, 179, 4, 0, 0, 'N'),
(295, 183, 2, 0, 0, 'N'),
(295, 357, 1, 0, 0, 'N'),
(295, 363, 1, 0, 0, 'N'),
(295, 512, 2, 0, 0, 'N'),
(296, 530, 1, 0, 0, 'N'),
(296, 532, 1, 0, 0, 'N'),
(296, 533, 1, 0, 0, 'N'),
(296, 537, 1, 0, 0, 'N'),
(296, 539, 6, 0, 0, 'S'),
(297, 92, 1, 0, 0, 'N'),
(297, 94, 1, 0, 0, 'N'),
(297, 383, 1, 0, 0, 'S'),
(297, 384, 1, 0, 0, 'N'),
(297, 388, 2, 0, 0, 'N'),
(297, 390, 1, 0, 0, 'N'),
(298, 398, 1, 0, 0, 'N'),
(298, 500, 1, 0, 0, 'N'),
(298, 502, 1, 0, 0, 'N'),
(298, 507, 1, 0, 0, 'N'),
(298, 643, 4, 0, 0, 'S'),
(299, 491, 1, 0, 0, 'N'),
(299, 492, 2, 0, 0, 'N'),
(299, 494, 3, 0, 0, 'S'),
(299, 497, 0, 1, 0, 'N'),
(301, 393, 3, 0, 0, 'S'),
(301, 543, 1, 0, 0, 'N'),
(301, 545, 1, 0, 0, 'N'),
(301, 548, 1, 0, 0, 'N'),
(301, 552, 1, 0, 0, 'N'),
(301, 553, 1, 0, 0, 'N'),
(301, 644, 1, 0, 0, 'N'),
(302, 558, 1, 0, 0, 'N'),
(302, 559, 1, 0, 0, 'N'),
(302, 560, 1, 0, 0, 'N'),
(302, 645, 2, 0, 0, 'S'),
(303, 179, 5, 0, 0, 'S'),
(303, 181, 2, 0, 0, 'N'),
(304, 357, 3, 0, 0, 'N'),
(304, 360, 1, 0, 0, 'N'),
(304, 363, 1, 0, 0, 'N'),
(304, 365, 1, 0, 0, 'N'),
(304, 534, 2, 0, 0, 'N'),
(304, 536, 1, 0, 0, 'N'),
(304, 537, 2, 0, 0, 'N'),
(304, 539, 6, 0, 0, 'S'),
(305, 383, 1, 0, 0, 'N'),
(305, 384, 2, 0, 0, 'S'),
(305, 530, 2, 0, 0, 'N'),
(307, 411, 1, 0, 0, 'N'),
(307, 499, 0, 1, 0, 'N'),
(307, 548, 0, 1, 0, 'N'),
(307, 551, 3, 0, 0, 'S'),
(307, 552, 1, 0, 0, 'N'),
(307, 553, 2, 0, 0, 'N'),
(308, 405, 1, 0, 0, 'N'),
(308, 406, 2, 0, 0, 'N'),
(308, 486, 1, 0, 0, 'N'),
(308, 491, 1, 0, 0, 'N'),
(308, 492, 1, 0, 0, 'N'),
(308, 493, 3, 0, 0, 'S'),
(309, 392, 4, 0, 0, 'S'),
(309, 394, 1, 0, 0, 'N'),
(309, 514, 2, 0, 0, 'N'),
(309, 543, 1, 0, 0, 'N'),
(310, 378, 1, 0, 0, 'N'),
(310, 649, 2, 0, 0, 'N'),
(310, 651, 1, 0, 0, 'N'),
(310, 654, 2, 0, 0, 'N'),
(310, 655, 1, 0, 0, 'N'),
(310, 657, 4, 0, 0, 'S'),
(310, 660, 1, 0, 0, 'N'),
(311, 70, 3, 0, 0, 'N'),
(311, 73, 2, 0, 0, 'N'),
(311, 107, 1, 0, 0, 'N'),
(311, 108, 1, 0, 0, 'N'),
(311, 576, 5, 0, 0, 'S'),
(311, 577, 1, 0, 0, 'N'),
(312, 285, 1, 0, 0, 'N'),
(312, 288, 1, 0, 0, 'N'),
(312, 292, 2, 0, 0, 'N'),
(312, 572, 5, 0, 0, 'S'),
(312, 574, 1, 0, 0, 'N'),
(312, 575, 1, 0, 0, 'N'),
(313, 623, 5, 0, 0, 'S'),
(313, 629, 3, 0, 0, 'N'),
(313, 630, 1, 0, 0, 'N'),
(313, 631, 1, 0, 0, 'N'),
(314, 578, 3, 0, 0, 'S'),
(314, 581, 3, 0, 0, 'N'),
(314, 583, 1, 0, 0, 'N'),
(314, 587, 2, 0, 0, 'N'),
(314, 591, 1, 0, 0, 'N'),
(315, 129, 2, 0, 0, 'S'),
(315, 138, 1, 0, 0, 'N'),
(316, 161, 4, 0, 0, 'N'),
(316, 619, 2, 0, 0, 'N'),
(316, 621, 3, 0, 0, 'S'),
(317, 151, 1, 0, 0, 'N'),
(317, 152, 2, 0, 0, 'S'),
(317, 153, 1, 0, 0, 'N'),
(317, 155, 2, 0, 0, 'N'),
(317, 156, 1, 0, 0, 'N'),
(317, 325, 5, 0, 0, 'N'),
(318, 118, 3, 0, 0, 'S'),
(318, 121, 2, 0, 0, 'N'),
(318, 127, 3, 0, 0, 'N'),
(318, 206, 1, 0, 0, 'N'),
(318, 207, 1, 0, 0, 'N'),
(318, 593, 1, 0, 0, 'N'),
(319, 201, 1, 0, 0, 'N'),
(319, 296, 2, 0, 0, 'N'),
(319, 298, 1, 0, 0, 'N'),
(319, 300, 3, 0, 0, 'S'),
(319, 669, 2, 0, 0, 'N'),
(320, 330, 2, 0, 0, 'N'),
(320, 331, 2, 0, 0, 'N'),
(320, 343, 4, 0, 0, 'S'),
(320, 345, 1, 0, 0, 'N'),
(320, 646, 1, 0, 0, 'N'),
(321, 244, 2, 0, 0, 'S'),
(321, 245, 2, 0, 0, 'N'),
(321, 248, 1, 0, 0, 'N'),
(321, 253, 2, 0, 0, 'N'),
(321, 259, 1, 0, 0, 'N'),
(321, 597, 3, 0, 0, 'N'),
(321, 647, 1, 0, 0, 'N'),
(322, 232, 1, 0, 0, 'N'),
(322, 234, 2, 0, 0, 'N'),
(322, 239, 0, 1, 0, 'N'),
(322, 600, 1, 0, 0, 'N'),
(322, 601, 1, 0, 0, 'N'),
(322, 602, 2, 0, 0, 'S'),
(322, 605, 0, 1, 0, 'N'),
(323, 265, 1, 0, 0, 'N'),
(323, 607, 2, 0, 0, 'N'),
(323, 608, 1, 0, 0, 'N'),
(323, 609, 8, 0, 0, 'S'),
(323, 611, 1, 0, 0, 'N'),
(324, 271, 2, 0, 0, 'N'),
(324, 273, 6, 0, 0, 'S'),
(324, 274, 1, 0, 0, 'N'),
(324, 313, 2, 0, 0, 'N'),
(324, 317, 3, 0, 0, 'N'),
(324, 648, 1, 0, 0, 'N'),
(325, 108, 2, 0, 0, 'N'),
(325, 109, 2, 0, 0, 'S'),
(325, 288, 2, 0, 0, 'N'),
(325, 292, 1, 0, 0, 'N'),
(326, 68, 1, 0, 0, 'N'),
(326, 70, 6, 0, 0, 'S'),
(326, 73, 1, 0, 0, 'N'),
(326, 77, 3, 0, 0, 'N'),
(326, 81, 1, 0, 0, 'N'),
(326, 576, 1, 0, 0, 'N'),
(326, 577, 3, 0, 0, 'N'),
(327, 572, 5, 0, 0, 'S'),
(327, 574, 1, 0, 0, 'N'),
(327, 623, 4, 0, 0, 'N'),
(327, 628, 1, 0, 0, 'N'),
(327, 629, 2, 0, 0, 'N'),
(328, 578, 1, 0, 0, 'N'),
(328, 583, 4, 0, 0, 'S'),
(328, 633, 3, 0, 0, 'N'),
(328, 634, 2, 0, 0, 'N'),
(328, 636, 1, 0, 0, 'N'),
(328, 637, 0, 1, 0, 'N'),
(329, 60, 2, 0, 0, 'S'),
(329, 64, 1, 0, 0, 'N'),
(329, 587, 1, 0, 0, 'N'),
(329, 591, 1, 0, 0, 'N'),
(330, 131, 1, 0, 0, 'N'),
(330, 132, 5, 0, 0, 'S'),
(330, 138, 1, 0, 0, 'N'),
(331, 153, 3, 0, 0, 'S'),
(331, 158, 1, 0, 0, 'N'),
(331, 205, 1, 0, 0, 'N'),
(331, 641, 1, 0, 0, 'N'),
(332, 186, 1, 0, 0, 'N'),
(332, 187, 2, 0, 0, 'S'),
(332, 188, 1, 0, 0, 'N'),
(332, 190, 1, 0, 0, 'N'),
(332, 191, 2, 0, 0, 'N'),
(332, 323, 1, 0, 0, 'N'),
(332, 325, 1, 0, 0, 'N'),
(333, 118, 10, 0, 0, 'S'),
(333, 279, 9, 0, 0, 'N'),
(334, 212, 1, 0, 0, 'N'),
(334, 215, 2, 0, 0, 'N'),
(334, 221, 5, 0, 0, 'S'),
(334, 303, 1, 0, 0, 'N'),
(334, 566, 5, 0, 0, 'N'),
(336, 206, 1, 0, 0, 'N'),
(336, 210, 1, 0, 0, 'N'),
(336, 295, 1, 0, 0, 'N'),
(336, 296, 3, 0, 0, 'S'),
(336, 300, 1, 0, 0, 'N'),
(336, 593, 1, 0, 0, 'N'),
(337, 330, 1, 0, 0, 'N'),
(337, 667, 2, 0, 0, 'N'),
(337, 668, 3, 0, 0, 'S'),
(338, 227, 5, 0, 0, 'S'),
(338, 343, 2, 0, 0, 'N'),
(339, 232, 1, 0, 0, 'N'),
(339, 233, 2, 0, 0, 'N'),
(339, 234, 1, 0, 0, 'N'),
(339, 238, 0, 1, 0, 'N'),
(339, 239, 2, 0, 0, 'N'),
(339, 242, 1, 0, 0, 'N'),
(339, 244, 2, 1, 0, 'S'),
(339, 252, 1, 0, 0, 'N'),
(339, 597, 1, 0, 0, 'N'),
(340, 262, 0, 1, 0, 'N'),
(340, 268, 2, 0, 0, 'N'),
(340, 600, 1, 0, 0, 'N'),
(340, 602, 1, 0, 0, 'N'),
(340, 663, 2, 1, 0, 'N'),
(340, 664, 1, 0, 0, 'N'),
(340, 665, 3, 0, 0, 'S'),
(341, 269, 0, 1, 0, 'N'),
(341, 271, 1, 1, 0, 'N'),
(341, 274, 2, 0, 0, 'N'),
(341, 607, 1, 0, 0, 'N'),
(341, 608, 0, 1, 0, 'N'),
(341, 609, 1, 0, 0, 'N'),
(341, 611, 1, 0, 0, 'N'),
(341, 614, 0, 1, 0, 'N'),
(342, 107, 0, 1, 0, 'N'),
(342, 632, 1, 0, 0, 'N'),
(342, 633, 1, 0, 0, 'N'),
(342, 637, 0, 1, 0, 'N'),
(343, 64, 1, 0, 0, 'N'),
(343, 66, 1, 0, 0, 'N'),
(343, 70, 1, 0, 0, 'N'),
(343, 73, 3, 0, 0, 'N'),
(343, 75, 2, 0, 0, 'N'),
(343, 577, 6, 0, 0, 'S'),
(344, 288, 1, 0, 0, 'N'),
(344, 292, 2, 0, 0, 'N'),
(344, 619, 1, 0, 0, 'N'),
(344, 701, 2, 0, 0, 'N'),
(344, 702, 1, 0, 0, 'N'),
(345, 572, 5, 0, 0, 'N'),
(345, 574, 1, 0, 0, 'N'),
(345, 575, 1, 0, 0, 'N'),
(345, 695, 5, 0, 0, 'S'),
(346, 587, 2, 0, 0, 'N'),
(346, 589, 1, 0, 0, 'N'),
(346, 590, 2, 0, 0, 'N'),
(346, 591, 2, 0, 0, 'N'),
(346, 623, 6, 0, 0, 'S'),
(346, 628, 1, 0, 0, 'N'),
(346, 629, 2, 0, 0, 'N'),
(346, 696, 1, 0, 0, 'N'),
(347, 132, 3, 0, 0, 'S'),
(348, 153, 3, 0, 0, 'N'),
(348, 158, 3, 0, 0, 'N'),
(348, 279, 2, 0, 0, 'N'),
(348, 697, 1, 0, 0, 'N'),
(349, 198, 0, 1, 0, 'N'),
(349, 199, 3, 0, 0, 'N'),
(349, 200, 1, 0, 0, 'N'),
(349, 323, 4, 0, 0, 'S'),
(349, 324, 2, 0, 0, 'N'),
(349, 641, 2, 0, 0, 'N'),
(350, 118, 1, 0, 0, 'N'),
(350, 124, 0, 1, 0, 'N'),
(350, 128, 2, 0, 0, 'N'),
(350, 188, 1, 0, 0, 'N'),
(350, 190, 1, 0, 0, 'N'),
(350, 193, 1, 0, 0, 'N'),
(351, 163, 1, 0, 0, 'N'),
(351, 166, 5, 0, 0, 'S'),
(351, 168, 2, 0, 0, 'N'),
(351, 206, 2, 0, 0, 'N'),
(351, 210, 4, 0, 0, 'N'),
(352, 85, 1, 0, 0, 'N'),
(352, 303, 2, 0, 0, 'N'),
(352, 305, 2, 0, 0, 'N'),
(352, 699, 1, 0, 0, 'N'),
(353, 298, 1, 0, 0, 'N'),
(353, 566, 3, 0, 0, 'N'),
(353, 703, 1, 0, 0, 'N'),
(354, 331, 2, 0, 0, 'N'),
(354, 337, 1, 0, 0, 'N'),
(354, 603, 2, 0, 0, 'N'),
(354, 605, 0, 1, 0, 'N'),
(354, 663, 2, 0, 0, 'N'),
(355, 272, 1, 0, 0, 'N'),
(355, 274, 1, 0, 0, 'N'),
(355, 343, 2, 0, 0, 'N'),
(355, 345, 1, 0, 0, 'N'),
(357, 225, 1, 0, 0, 'N'),
(357, 227, 2, 0, 0, 'N'),
(357, 228, 1, 0, 0, 'N'),
(357, 229, 1, 0, 0, 'N'),
(357, 244, 3, 0, 0, 'N'),
(357, 245, 2, 0, 0, 'N'),
(357, 252, 1, 0, 0, 'N'),
(357, 597, 1, 0, 0, 'N'),
(358, 609, 2, 0, 0, 'N'),
(358, 611, 2, 0, 0, 'N'),
(359, 173, 0, 1, 0, 'N'),
(359, 176, 1, 0, 0, 'N'),
(359, 177, 2, 0, 0, 'N'),
(359, 253, 1, 0, 0, 'N'),
(359, 666, 1, 0, 0, 'N'),
(359, 668, 1, 0, 0, 'N'),
(360, 179, 4, 0, 0, 'S'),
(360, 181, 5, 0, 0, 'N'),
(360, 183, 1, 0, 0, 'N'),
(360, 500, 3, 0, 0, 'N'),
(361, 383, 1, 0, 0, 'N'),
(361, 387, 2, 0, 0, 'N'),
(361, 388, 2, 0, 0, 'N'),
(361, 390, 2, 0, 0, 'N'),
(362, 366, 1, 0, 0, 'N'),
(362, 529, 1, 0, 0, 'N'),
(362, 530, 1, 0, 0, 'N'),
(362, 532, 1, 0, 0, 'N'),
(362, 691, 4, 0, 0, 'S'),
(362, 692, 2, 0, 0, 'N'),
(363, 90, 1, 0, 0, 'N'),
(363, 92, 1, 0, 0, 'N'),
(363, 93, 1, 0, 0, 'N'),
(363, 96, 0, 1, 0, 'N'),
(363, 503, 2, 0, 0, 'N'),
(363, 509, 2, 0, 0, 'N'),
(363, 693, 2, 0, 0, 'N'),
(364, 413, 3, 0, 0, 'N'),
(364, 415, 2, 0, 0, 'S'),
(364, 558, 1, 0, 0, 'N'),
(364, 560, 2, 0, 0, 'N'),
(365, 392, 5, 0, 0, 'N'),
(365, 393, 2, 0, 0, 'N'),
(365, 396, 1, 0, 0, 'N'),
(365, 486, 1, 0, 0, 'N'),
(365, 492, 8, 0, 0, 'S'),
(365, 690, 0, 1, 0, 'N'),
(367, 375, 1, 0, 0, 'N'),
(367, 544, 1, 0, 0, 'N'),
(367, 546, 2, 0, 0, 'N'),
(367, 551, 1, 0, 0, 'N'),
(367, 552, 1, 0, 0, 'N'),
(367, 555, 1, 0, 0, 'N'),
(367, 694, 1, 0, 0, 'N'),
(368, 179, 6, 0, 0, 'S'),
(368, 512, 4, 0, 0, 'N'),
(368, 538, 1, 0, 0, 'N'),
(368, 719, 4, 0, 0, 'N'),
(369, 357, 3, 0, 0, 'N'),
(369, 359, 0, 1, 0, 'N'),
(369, 360, 1, 0, 0, 'N'),
(369, 502, 2, 0, 0, 'N'),
(370, 500, 3, 0, 0, 'N'),
(370, 528, 1, 0, 0, 'N'),
(370, 529, 1, 0, 0, 'N'),
(370, 532, 3, 0, 0, 'N'),
(370, 643, 5, 0, 0, 'S'),
(372, 403, 2, 0, 0, 'N'),
(372, 406, 3, 0, 0, 'N'),
(372, 407, 1, 0, 0, 'N'),
(372, 414, 1, 0, 0, 'N'),
(372, 499, 1, 0, 0, 'N'),
(372, 720, 1, 0, 0, 'N'),
(375, 392, 3, 0, 0, 'N'),
(375, 393, 1, 0, 0, 'N'),
(375, 657, 5, 0, 0, 'S'),
(375, 659, 1, 0, 0, 'N'),
(376, 179, 1, 0, 0, 'N'),
(376, 181, 2, 0, 0, 'N'),
(376, 384, 1, 0, 0, 'N'),
(376, 719, 1, 0, 0, 'N'),
(377, 357, 1, 0, 0, 'N'),
(377, 500, 6, 0, 0, 'N'),
(377, 643, 4, 0, 0, 'N'),
(377, 727, 1, 0, 0, 'N'),
(378, 98, 1, 0, 0, 'N'),
(378, 526, 1, 0, 0, 'N'),
(378, 528, 2, 0, 0, 'N'),
(378, 532, 6, 0, 0, 'S'),
(379, 366, 2, 0, 0, 'N'),
(379, 367, 1, 0, 0, 'N'),
(379, 373, 2, 0, 0, 'N'),
(379, 536, 1, 0, 0, 'N'),
(379, 692, 1, 0, 0, 'N'),
(382, 514, 1, 0, 0, 'N'),
(382, 517, 3, 0, 0, 'N'),
(382, 525, 1, 0, 0, 'N'),
(383, 403, 3, 0, 0, 'N'),
(383, 405, 1, 0, 0, 'N'),
(383, 406, 1, 0, 0, 'N'),
(383, 656, 2, 0, 0, 'N'),
(383, 657, 4, 0, 0, 'S'),
(386, 507, 1, 0, 0, 'N'),
(386, 536, 2, 0, 0, 'N'),
(386, 539, 4, 0, 0, 'S'),
(387, 93, 1, 0, 0, 'N'),
(387, 398, 1, 0, 0, 'N'),
(387, 500, 4, 0, 0, 'S'),
(388, 514, 2, 0, 0, 'N'),
(388, 517, 1, 0, 0, 'S'),
(390, 403, 2, 0, 0, 'N'),
(390, 404, 2, 0, 0, 'N'),
(390, 405, 2, 0, 0, 'N'),
(390, 406, 5, 0, 0, 'S'),
(390, 409, 1, 0, 0, 'N'),
(390, 410, 1, 0, 0, 'N'),
(391, 544, 0, 1, 0, 'N'),
(391, 551, 4, 0, 0, 'S'),
(391, 552, 1, 0, 0, 'N'),
(391, 558, 2, 0, 0, 'N'),
(391, 559, 2, 0, 0, 'N'),
(392, 357, 1, 0, 0, 'N'),
(392, 361, 1, 0, 0, 'N'),
(392, 526, 3, 0, 0, 'S'),
(392, 529, 1, 0, 0, 'N'),
(393, 500, 2, 0, 0, 'N'),
(393, 501, 1, 0, 0, 'N'),
(393, 536, 3, 0, 0, 'N'),
(393, 537, 2, 0, 0, 'N'),
(393, 539, 2, 0, 0, 'S'),
(394, 100, 1, 0, 0, 'N'),
(394, 366, 2, 0, 0, 'N'),
(394, 367, 1, 0, 0, 'N'),
(394, 692, 3, 0, 0, 'S'),
(394, 732, 2, 0, 0, 'N'),
(394, 733, 2, 0, 0, 'N'),
(395, 384, 2, 0, 0, 'N'),
(395, 386, 1, 0, 0, 'S'),
(395, 388, 1, 0, 0, 'N'),
(395, 390, 1, 0, 0, 'N'),
(395, 502, 1, 0, 0, 'N'),
(395, 510, 1, 0, 0, 'N'),
(397, 403, 5, 0, 0, 'N'),
(397, 404, 3, 0, 0, 'S'),
(397, 405, 1, 0, 0, 'N'),
(397, 558, 3, 0, 0, 'N'),
(397, 559, 3, 0, 0, 'N'),
(398, 551, 0, 0, 1, 'N'),
(398, 552, 2, 0, 0, 'N'),
(398, 656, 0, 1, 0, 'N'),
(398, 657, 5, 0, 0, 'S'),
(399, 392, 5, 0, 0, 'S'),
(399, 393, 3, 0, 0, 'N'),
(399, 396, 3, 0, 0, 'N'),
(399, 542, 1, 0, 0, 'N'),
(399, 543, 1, 0, 0, 'N'),
(399, 690, 1, 0, 0, 'N'),
(400, 108, 1, 0, 0, 'S'),
(400, 109, 2, 0, 0, 'N'),
(400, 578, 1, 0, 0, 'N'),
(400, 583, 2, 0, 0, 'N'),
(401, 70, 4, 0, 0, 'N'),
(401, 75, 1, 0, 0, 'N'),
(401, 577, 4, 0, 0, 'N'),
(401, 623, 2, 0, 0, 'N'),
(403, 572, 5, 0, 0, 'N'),
(403, 574, 6, 0, 0, 'S'),
(403, 575, 1, 0, 0, 'N'),
(403, 728, 1, 0, 0, 'N'),
(404, 132, 1, 0, 0, 'N'),
(404, 634, 1, 0, 0, 'N'),
(405, 60, 1, 0, 0, 'N'),
(405, 64, 2, 0, 0, 'N'),
(405, 66, 1, 0, 0, 'N'),
(405, 617, 1, 0, 0, 'N'),
(405, 621, 2, 0, 0, 'N'),
(406, 151, 2, 0, 0, 'N'),
(406, 152, 1, 0, 0, 'N'),
(406, 210, 2, 0, 0, 'N'),
(406, 724, 3, 0, 0, 'N'),
(407, 296, 3, 0, 0, 'N'),
(407, 298, 1, 0, 0, 'N'),
(407, 323, 1, 0, 0, 'N'),
(407, 324, 4, 0, 0, 'N'),
(410, 198, 1, 0, 0, 'N'),
(410, 212, 2, 0, 0, 'N'),
(410, 215, 3, 0, 0, 'N'),
(410, 218, 1, 0, 0, 'N'),
(410, 220, 1, 0, 0, 'N'),
(410, 221, 2, 0, 0, 'N'),
(411, 279, 5, 0, 0, 'S'),
(411, 304, 1, 0, 0, 'N'),
(411, 721, 2, 0, 0, 'N'),
(412, 265, 2, 0, 0, 'N'),
(412, 267, 4, 0, 0, 'N'),
(412, 268, 3, 0, 0, 'S'),
(412, 330, 1, 0, 0, 'N'),
(412, 331, 4, 0, 0, 'N'),
(412, 337, 2, 0, 0, 'N'),
(413, 232, 3, 0, 0, 'N'),
(413, 233, 1, 0, 0, 'N'),
(413, 234, 3, 0, 0, 'N'),
(413, 239, 2, 0, 0, 'N'),
(413, 343, 3, 0, 0, 'N'),
(413, 722, 1, 0, 0, 'N'),
(414, 222, 3, 0, 0, 'N'),
(414, 224, 2, 0, 0, 'N'),
(414, 225, 1, 0, 0, 'N'),
(414, 668, 2, 0, 0, 'N'),
(415, 244, 1, 0, 0, 'N'),
(415, 245, 2, 0, 0, 'N'),
(415, 252, 1, 0, 0, 'N'),
(415, 597, 1, 0, 0, 'N'),
(415, 607, 2, 0, 0, 'N'),
(415, 609, 1, 0, 0, 'N'),
(415, 611, 2, 0, 0, 'N'),
(416, 602, 1, 0, 0, 'N'),
(416, 603, 2, 0, 0, 'N'),
(416, 664, 2, 0, 0, 'N'),
(416, 665, 1, 0, 0, 'N'),
(416, 686, 1, 0, 0, 'N'),
(416, 723, 3, 0, 0, 'N'),
(417, 176, 2, 0, 0, 'N'),
(417, 177, 2, 0, 0, 'N'),
(417, 274, 1, 0, 0, 'N'),
(417, 613, 3, 0, 0, 'N'),
(420, 132, 2, 0, 0, 'N'),
(420, 134, 1, 1, 0, 'N'),
(421, 572, 2, 0, 0, 'N'),
(421, 574, 1, 0, 0, 'N'),
(421, 578, 1, 0, 0, 'N'),
(421, 581, 1, 0, 0, 'N'),
(422, 80, 1, 0, 0, 'N'),
(422, 81, 1, 0, 0, 'N'),
(422, 161, 1, 0, 0, 'N'),
(422, 623, 1, 0, 0, 'N'),
(422, 626, 1, 0, 0, 'N'),
(422, 628, 1, 0, 0, 'N'),
(422, 629, 5, 0, 0, 'N'),
(423, 590, 1, 0, 0, 'N'),
(423, 630, 2, 0, 0, 'N'),
(423, 631, 2, 0, 0, 'N'),
(423, 633, 5, 0, 0, 'N'),
(423, 634, 1, 0, 0, 'N'),
(423, 728, 1, 0, 0, 'N'),
(424, 153, 2, 0, 0, 'N'),
(424, 154, 7, 0, 0, 'N'),
(424, 213, 1, 0, 0, 'N'),
(424, 215, 1, 0, 0, 'N'),
(424, 221, 2, 0, 0, 'N'),
(425, 167, 1, 0, 0, 'N'),
(425, 324, 2, 0, 0, 'S'),
(425, 325, 9, 0, 0, 'N'),
(425, 754, 2, 0, 0, 'N'),
(425, 755, 2, 0, 0, 'N'),
(426, 118, 3, 0, 0, 'N'),
(426, 198, 2, 0, 0, 'N'),
(426, 199, 3, 0, 0, 'S'),
(426, 641, 2, 0, 0, 'N'),
(427, 293, 1, 0, 0, 'N'),
(427, 296, 5, 0, 0, 'N'),
(427, 298, 5, 0, 0, 'N'),
(427, 303, 1, 0, 0, 'N'),
(427, 305, 1, 0, 0, 'N'),
(428, 186, 1, 0, 0, 'N'),
(428, 189, 1, 0, 0, 'N'),
(428, 206, 2, 0, 0, 'N'),
(428, 210, 3, 0, 0, 'N'),
(428, 593, 2, 0, 0, 'N'),
(428, 724, 2, 0, 0, 'N'),
(429, 83, 4, 0, 0, 'N'),
(429, 279, 2, 0, 0, 'N'),
(429, 699, 4, 0, 0, 'N'),
(429, 700, 1, 0, 0, 'N'),
(431, 172, 1, 0, 0, 'N'),
(431, 595, 2, 0, 0, 'N'),
(433, 244, 7, 0, 0, 'N'),
(433, 252, 1, 0, 0, 'N'),
(433, 267, 1, 0, 0, 'N'),
(433, 268, 4, 0, 0, 'N'),
(433, 597, 4, 0, 0, 'N'),
(434, 223, 1, 0, 0, 'N'),
(434, 227, 1, 0, 0, 'N'),
(434, 228, 1, 0, 0, 'N'),
(434, 232, 3, 0, 0, 'N'),
(434, 233, 6, 0, 0, 'N'),
(434, 234, 1, 0, 0, 'N'),
(434, 239, 2, 0, 0, 'N'),
(435, 607, 2, 0, 0, 'N'),
(435, 665, 3, 0, 0, 'N'),
(436, 109, 1, 0, 0, 'N'),
(436, 161, 1, 0, 0, 'S'),
(437, 70, 2, 0, 0, 'N'),
(437, 572, 4, 0, 0, 'N'),
(437, 574, 3, 0, 0, 'N'),
(437, 576, 1, 0, 0, 'N'),
(437, 577, 2, 0, 0, 'N'),
(437, 737, 2, 0, 0, 'S'),
(438, 285, 2, 0, 0, 'S'),
(438, 292, 3, 0, 0, 'N'),
(438, 629, 6, 0, 0, 'N'),
(439, 619, 1, 0, 0, 'N'),
(439, 620, 1, 0, 0, 'N'),
(439, 632, 1, 0, 0, 'N'),
(439, 633, 4, 0, 0, 'S'),
(439, 637, 1, 0, 0, 'N'),
(439, 738, 2, 0, 0, 'N'),
(441, 60, 0, 1, 0, 'N'),
(441, 63, 1, 0, 0, 'N'),
(441, 578, 4, 0, 0, 'N'),
(441, 583, 2, 0, 0, 'S'),
(442, 151, 1, 0, 0, 'N'),
(442, 153, 10, 1, 0, 'S'),
(442, 158, 2, 0, 0, 'N'),
(442, 163, 1, 0, 0, 'N'),
(442, 736, 4, 0, 0, 'N'),
(443, 324, 10, 0, 0, 'N'),
(443, 325, 16, 0, 0, 'N'),
(443, 739, 1, 0, 0, 'N'),
(445, 206, 2, 0, 0, 'N'),
(445, 210, 4, 0, 0, 'S'),
(445, 593, 2, 0, 0, 'N'),
(445, 724, 1, 0, 0, 'N'),
(446, 186, 1, 0, 0, 'N'),
(446, 189, 2, 0, 0, 'N'),
(446, 192, 5, 0, 0, 'S'),
(446, 193, 2, 0, 0, 'N'),
(446, 203, 1, 0, 0, 'N'),
(446, 205, 3, 0, 0, 'N'),
(446, 641, 3, 0, 0, 'N'),
(447, 296, 1, 0, 0, 'S'),
(447, 298, 1, 0, 0, 'N'),
(447, 741, 1, 0, 0, 'N'),
(448, 222, 5, 0, 0, 'S'),
(448, 330, 1, 0, 0, 'N'),
(448, 331, 1, 0, 0, 'N'),
(448, 337, 2, 0, 0, 'N'),
(450, 233, 6, 0, 0, 'N'),
(450, 234, 7, 0, 0, 'S'),
(450, 238, 2, 0, 0, 'N'),
(450, 239, 1, 0, 0, 'N'),
(450, 666, 5, 0, 0, 'N'),
(451, 172, 1, 0, 0, 'N'),
(451, 177, 2, 0, 0, 'N'),
(451, 600, 2, 0, 0, 'N'),
(451, 601, 1, 0, 0, 'N'),
(451, 603, 2, 0, 0, 'S'),
(451, 664, 2, 0, 0, 'N'),
(451, 665, 2, 0, 0, 'N'),
(453, 262, 1, 0, 0, 'N'),
(453, 265, 1, 0, 0, 'N'),
(453, 268, 4, 0, 0, 'N'),
(453, 271, 4, 0, 0, 'S'),
(453, 272, 1, 0, 0, 'N'),
(453, 613, 3, 0, 0, 'N'),
(454, 115, 1, 0, 0, 'S'),
(454, 572, 1, 0, 0, 'N'),
(455, 131, 1, 0, 0, 'N'),
(455, 576, 1, 0, 0, 'N'),
(455, 577, 1, 0, 0, 'S'),
(456, 60, 1, 0, 0, 'N'),
(456, 64, 2, 0, 0, 'N'),
(456, 285, 1, 0, 0, 'N'),
(456, 292, 3, 0, 0, 'S'),
(457, 583, 1, 0, 0, 'N'),
(457, 623, 2, 0, 0, 'S'),
(457, 629, 2, 0, 0, 'N'),
(459, 590, 1, 0, 0, 'N'),
(459, 591, 2, 0, 0, 'N'),
(459, 619, 1, 0, 0, 'N'),
(459, 620, 4, 0, 0, 'S'),
(459, 621, 1, 0, 0, 'N'),
(461, 120, 3, 0, 0, 'N'),
(461, 121, 4, 0, 0, 'S'),
(461, 123, 1, 0, 0, 'N'),
(461, 743, 2, 0, 0, 'N'),
(462, 83, 3, 0, 0, 'S'),
(462, 206, 1, 0, 0, 'N'),
(462, 593, 1, 0, 0, 'N'),
(462, 724, 1, 0, 0, 'N'),
(463, 197, 1, 0, 0, 'N'),
(463, 198, 2, 0, 0, 'N'),
(463, 199, 2, 0, 0, 'N'),
(463, 204, 3, 0, 0, 'S'),
(463, 278, 1, 0, 0, 'N'),
(463, 281, 1, 0, 0, 'N'),
(463, 565, 1, 0, 0, 'N'),
(463, 641, 1, 0, 0, 'N'),
(464, 152, 1, 0, 0, 'N'),
(464, 154, 2, 0, 0, 'N'),
(464, 294, 1, 0, 0, 'N'),
(464, 296, 2, 0, 0, 'N'),
(464, 759, 3, 0, 0, 'S'),
(465, 187, 1, 0, 0, 'N'),
(465, 189, 2, 0, 0, 'N'),
(465, 221, 2, 0, 0, 'S'),
(465, 566, 1, 0, 0, 'N'),
(465, 726, 1, 0, 0, 'N'),
(468, 256, 1, 0, 0, 'N'),
(468, 269, 1, 0, 0, 'N'),
(468, 271, 4, 0, 0, 'S'),
(468, 273, 1, 0, 0, 'N'),
(468, 274, 2, 0, 0, 'N'),
(470, 229, 1, 0, 0, 'N'),
(470, 600, 1, 0, 0, 'N'),
(470, 601, 0, 1, 0, 'N'),
(470, 605, 1, 0, 0, 'S'),
(470, 665, 1, 1, 0, 'N'),
(471, 174, 1, 0, 0, 'N'),
(471, 178, 1, 0, 0, 'N'),
(471, 607, 1, 0, 0, 'N'),
(471, 608, 1, 0, 0, 'N'),
(471, 609, 3, 0, 0, 'S'),
(473, 183, 4, 0, 0, 'S'),
(473, 507, 0, 1, 0, 'N'),
(473, 510, 0, 1, 0, 'N'),
(473, 719, 4, 0, 0, 'N'),
(473, 742, 2, 0, 0, 'N'),
(474, 91, 1, 0, 0, 'N'),
(474, 94, 1, 0, 0, 'N'),
(474, 101, 0, 1, 0, 'N'),
(474, 357, 1, 0, 0, 'N'),
(474, 359, 1, 0, 0, 'N'),
(474, 363, 2, 0, 0, 'S'),
(475, 387, 2, 0, 0, 'N'),
(475, 390, 1, 0, 0, 'N'),
(475, 539, 3, 0, 0, 'S'),
(476, 366, 4, 0, 0, 'N'),
(476, 367, 2, 0, 0, 'N'),
(476, 369, 1, 0, 0, 'N'),
(476, 398, 1, 0, 0, 'N'),
(476, 500, 10, 0, 0, 'S'),
(476, 643, 6, 0, 0, 'N'),
(476, 733, 3, 0, 0, 'N'),
(480, 514, 1, 0, 0, 'N'),
(480, 517, 2, 0, 0, 'N'),
(480, 657, 5, 0, 0, 'S'),
(482, 70, 3, 0, 0, 'N'),
(482, 75, 2, 0, 0, 'N'),
(482, 284, 1, 0, 0, 'N'),
(482, 292, 5, 0, 0, 'N'),
(482, 576, 2, 0, 0, 'N'),
(482, 577, 5, 0, 0, 'S'),
(483, 572, 3, 0, 0, 'N'),
(483, 574, 0, 1, 0, 'N'),
(483, 737, 6, 0, 0, 'S'),
(485, 80, 1, 0, 0, 'N'),
(485, 591, 1, 0, 0, 'N'),
(485, 695, 6, 0, 0, 'S'),
(485, 728, 2, 0, 0, 'N'),
(486, 578, 4, 0, 0, 'S'),
(486, 583, 2, 0, 0, 'N'),
(486, 617, 1, 0, 0, 'N'),
(486, 619, 1, 0, 0, 'N'),
(487, 118, 1, 0, 0, 'N'),
(487, 120, 1, 0, 0, 'N'),
(487, 121, 9, 0, 0, 'S'),
(487, 125, 4, 0, 0, 'N'),
(487, 153, 5, 0, 0, 'N'),
(487, 158, 2, 0, 0, 'N'),
(488, 82, 1, 0, 0, 'N'),
(488, 83, 1, 0, 0, 'N'),
(488, 84, 1, 0, 0, 'N'),
(488, 324, 5, 0, 0, 'S'),
(488, 326, 3, 0, 0, 'N'),
(489, 206, 1, 0, 0, 'N'),
(489, 207, 1, 0, 0, 'S'),
(489, 209, 1, 0, 0, 'N'),
(489, 210, 1, 0, 0, 'N'),
(489, 275, 1, 0, 0, 'N'),
(489, 279, 1, 0, 0, 'N'),
(490, 166, 1, 0, 0, 'N'),
(490, 169, 2, 0, 0, 'N'),
(490, 212, 2, 0, 0, 'N'),
(490, 213, 1, 0, 0, 'N'),
(490, 215, 3, 0, 0, 'S'),
(490, 220, 1, 0, 0, 'N'),
(490, 221, 2, 0, 0, 'N'),
(490, 743, 1, 0, 0, 'N'),
(492, 186, 1, 0, 0, 'N'),
(492, 296, 2, 1, 0, 'S'),
(494, 343, 3, 0, 0, 'S'),
(494, 344, 2, 0, 0, 'N'),
(494, 346, 0, 1, 0, 'N'),
(494, 647, 1, 0, 0, 'N'),
(494, 666, 1, 0, 0, 'N'),
(494, 735, 0, 1, 0, 'N'),
(496, 271, 1, 0, 0, 'S'),
(496, 613, 1, 0, 0, 'N'),
(496, 665, 1, 0, 0, 'N'),
(496, 747, 1, 0, 0, 'N'),
(497, 607, 3, 0, 0, 'N'),
(497, 608, 1, 0, 0, 'N'),
(497, 609, 2, 0, 0, 'N'),
(497, 611, 6, 0, 0, 'S'),
(497, 681, 1, 0, 0, 'N'),
(497, 688, 1, 0, 0, 'N'),
(498, 177, 3, 0, 0, 'S'),
(498, 178, 1, 0, 0, 'N'),
(498, 268, 3, 0, 0, 'N'),
(499, 108, 7, 0, 0, 'S'),
(499, 109, 1, 0, 0, 'N'),
(499, 617, 3, 0, 0, 'N'),
(499, 620, 1, 0, 0, 'N'),
(500, 68, 1, 0, 0, 'N'),
(500, 70, 3, 0, 0, 'N'),
(500, 73, 1, 0, 0, 'N'),
(500, 75, 1, 0, 0, 'N'),
(500, 576, 8, 0, 0, 'S'),
(500, 577, 4, 0, 0, 'N'),
(500, 590, 1, 0, 0, 'N'),
(500, 696, 1, 0, 0, 'N'),
(501, 630, 1, 0, 0, 'N'),
(501, 634, 1, 0, 0, 'N'),
(502, 66, 1, 0, 0, 'N'),
(502, 571, 1, 0, 0, 'N'),
(502, 572, 5, 0, 0, 'S'),
(502, 574, 1, 0, 0, 'N'),
(503, 129, 2, 0, 0, 'S'),
(503, 130, 0, 1, 0, 'N'),
(503, 132, 2, 0, 0, 'N'),
(503, 136, 1, 0, 0, 'N'),
(503, 623, 1, 0, 0, 'N'),
(504, 578, 2, 0, 0, 'N'),
(504, 583, 1, 0, 0, 'N'),
(504, 753, 3, 0, 0, 'S'),
(506, 215, 1, 0, 0, 'N'),
(506, 324, 4, 0, 0, 'S'),
(506, 325, 3, 0, 0, 'N'),
(507, 120, 1, 0, 0, 'N'),
(507, 122, 3, 0, 0, 'N'),
(507, 296, 9, 0, 0, 'S'),
(507, 298, 1, 0, 0, 'N'),
(508, 198, 1, 0, 0, 'N'),
(508, 199, 3, 0, 0, 'S'),
(508, 206, 1, 0, 0, 'N'),
(508, 641, 1, 0, 0, 'N'),
(508, 724, 3, 0, 0, 'N'),
(518, 68, 0, 1, 0, 'N'),
(518, 70, 3, 0, 0, 'N'),
(518, 576, 2, 0, 0, 'N'),
(518, 577, 1, 0, 0, 'N'),
(518, 633, 1, 0, 0, 'N'),
(518, 634, 1, 0, 0, 'N'),
(518, 639, 3, 0, 0, 'S'),
(518, 738, 1, 0, 0, 'N'),
(519, 284, 1, 0, 0, 'N'),
(519, 285, 1, 0, 0, 'N'),
(519, 288, 1, 0, 0, 'N'),
(519, 292, 3, 0, 0, 'N'),
(519, 581, 1, 0, 0, 'N'),
(519, 583, 1, 0, 0, 'N'),
(519, 702, 1, 0, 0, 'N'),
(520, 572, 2, 0, 0, 'N'),
(520, 575, 2, 0, 0, 'N'),
(520, 619, 1, 0, 0, 'N'),
(520, 737, 5, 0, 0, 'S'),
(521, 64, 1, 0, 0, 'N'),
(521, 623, 3, 0, 0, 'N'),
(521, 628, 2, 0, 0, 'N'),
(521, 629, 5, 0, 0, 'S'),
(521, 772, 1, 0, 0, 'N'),
(524, 118, 8, 0, 0, 'N'),
(524, 120, 1, 0, 0, 'N'),
(524, 128, 7, 0, 0, 'S'),
(524, 323, 3, 0, 0, 'N'),
(524, 325, 6, 0, 0, 'N'),
(525, 210, 1, 0, 0, 'N'),
(525, 215, 1, 0, 0, 'N'),
(525, 218, 1, 0, 0, 'N'),
(525, 220, 1, 0, 0, 'N'),
(525, 221, 3, 0, 0, 'S'),
(525, 566, 1, 0, 0, 'N'),
(526, 188, 1, 0, 0, 'N'),
(526, 189, 1, 0, 0, 'N'),
(526, 193, 2, 1, 0, 'N'),
(526, 275, 2, 0, 0, 'N'),
(526, 279, 2, 0, 0, 'N'),
(526, 283, 0, 1, 0, 'N'),
(526, 662, 3, 0, 0, 'N'),
(527, 293, 3, 0, 0, 'S'),
(527, 296, 6, 0, 0, 'N'),
(527, 754, 1, 0, 0, 'N'),
(528, 82, 1, 0, 0, 'N'),
(528, 83, 2, 1, 0, 'N'),
(528, 199, 1, 0, 0, 'N'),
(531, 647, 3, 0, 0, 'N'),
(531, 666, 3, 0, 0, 'N'),
(531, 668, 4, 0, 0, 'N'),
(531, 681, 1, 0, 0, 'N'),
(531, 683, 0, 1, 0, 'N'),
(531, 688, 0, 1, 0, 'N'),
(536, 70, 6, 0, 0, 'S'),
(536, 73, 1, 0, 0, 'N'),
(536, 576, 3, 0, 0, 'N'),
(536, 577, 4, 0, 0, 'N'),
(536, 578, 2, 0, 0, 'N'),
(536, 581, 1, 0, 0, 'N'),
(538, 573, 3, 0, 0, 'S'),
(538, 575, 1, 0, 0, 'N'),
(538, 634, 1, 0, 0, 'N'),
(538, 737, 1, 0, 0, 'N'),
(538, 738, 2, 0, 0, 'N'),
(539, 617, 1, 0, 0, 'N'),
(539, 623, 3, 0, 0, 'N'),
(539, 757, 1, 0, 0, 'N'),
(539, 758, 3, 0, 0, 'S'),
(541, 152, 1, 0, 0, 'N'),
(541, 158, 1, 0, 0, 'N'),
(541, 186, 1, 0, 0, 'N'),
(541, 187, 2, 0, 0, 'N'),
(541, 188, 2, 0, 0, 'N'),
(541, 189, 1, 0, 0, 'N'),
(541, 190, 4, 0, 0, 'S'),
(542, 206, 3, 0, 0, 'N'),
(542, 207, 6, 0, 0, 'N'),
(542, 593, 7, 0, 0, 'S'),
(544, 163, 1, 0, 0, 'N'),
(544, 198, 6, 0, 0, 'N'),
(544, 199, 16, 0, 0, 'S'),
(544, 669, 1, 0, 0, 'N'),
(544, 743, 1, 0, 0, 'N'),
(545, 279, 1, 0, 0, 'N'),
(545, 281, 0, 1, 0, 'N'),
(545, 296, 5, 0, 0, 'S'),
(545, 759, 1, 0, 0, 'N'),
(547, 566, 2, 0, 0, 'S'),
(547, 699, 2, 0, 0, 'N'),
(547, 726, 2, 0, 0, 'N'),
(554, 181, 3, 0, 0, 'N'),
(554, 183, 3, 0, 0, 'N'),
(554, 366, 1, 0, 0, 'N'),
(554, 367, 1, 0, 0, 'N'),
(554, 692, 4, 0, 0, 'S'),
(554, 719, 2, 0, 0, 'N'),
(554, 744, 1, 0, 0, 'N'),
(554, 745, 1, 0, 0, 'N'),
(554, 746, 1, 0, 0, 'N'),
(558, 414, 1, 0, 0, 'N'),
(558, 649, 1, 0, 0, 'N'),
(558, 650, 1, 0, 0, 'N'),
(558, 654, 1, 0, 0, 'N'),
(558, 656, 2, 0, 0, 'N'),
(558, 657, 3, 0, 0, 'S'),
(558, 751, 1, 0, 0, 'N'),
(561, 392, 3, 0, 0, 'N'),
(561, 393, 3, 0, 0, 'N'),
(561, 396, 1, 0, 0, 'N'),
(561, 558, 1, 0, 0, 'N'),
(561, 559, 1, 0, 0, 'N'),
(561, 748, 1, 0, 0, 'N'),
(561, 749, 1, 0, 0, 'N'),
(562, 265, 3, 0, 0, 'N'),
(562, 267, 5, 0, 0, 'S'),
(562, 268, 3, 0, 0, 'N'),
(562, 679, 1, 0, 0, 'N'),
(562, 681, 1, 0, 0, 'N'),
(562, 682, 1, 0, 0, 'N'),
(562, 684, 1, 0, 0, 'N'),
(564, 269, 0, 1, 0, 'N'),
(564, 271, 4, 0, 0, 'N'),
(564, 272, 1, 0, 0, 'N'),
(564, 273, 1, 0, 0, 'N'),
(564, 274, 1, 0, 0, 'N'),
(564, 331, 1, 0, 0, 'N'),
(564, 337, 1, 0, 0, 'N'),
(564, 730, 1, 0, 0, 'N'),
(565, 244, 2, 0, 0, 'N'),
(565, 245, 3, 0, 0, 'S'),
(565, 347, 1, 0, 0, 'N'),
(565, 596, 1, 0, 0, 'N'),
(565, 676, 2, 0, 0, 'N'),
(565, 735, 2, 0, 0, 'N'),
(566, 232, 6, 0, 0, 'S'),
(566, 233, 1, 0, 0, 'N'),
(566, 234, 2, 0, 0, 'N'),
(566, 239, 4, 0, 0, 'N'),
(566, 267, 3, 0, 0, 'N'),
(566, 268, 1, 0, 0, 'N'),
(567, 228, 1, 0, 0, 'N'),
(567, 229, 2, 0, 0, 'N'),
(567, 608, 0, 1, 0, 'N'),
(567, 609, 5, 0, 0, 'N'),
(567, 611, 4, 0, 0, 'S'),
(567, 750, 1, 0, 0, 'N'),
(568, 171, 1, 0, 0, 'N'),
(568, 172, 2, 0, 0, 'N'),
(568, 177, 3, 0, 0, 'N'),
(568, 178, 1, 0, 0, 'N'),
(568, 679, 0, 1, 0, 'N'),
(568, 684, 1, 0, 0, 'N'),
(568, 688, 1, 0, 0, 'N'),
(574, 83, 1, 0, 0, 'N'),
(574, 84, 1, 0, 0, 'N'),
(574, 88, 0, 1, 0, 'N'),
(574, 188, 1, 0, 0, 'N'),
(574, 190, 1, 0, 0, 'N'),
(575, 711, 1, 0, 0, 'N'),
(575, 712, 2, 0, 0, 'N'),
(575, 714, 3, 0, 0, 'N'),
(575, 718, 0, 1, 0, 'N'),
(576, 405, 1, 0, 0, 'N'),
(576, 406, 2, 0, 0, 'N'),
(576, 706, 1, 0, 0, 'N'),
(576, 711, 1, 0, 0, 'N'),
(576, 712, 1, 0, 0, 'N'),
(576, 713, 3, 0, 0, 'N'),
(577, 392, 5, 0, 0, 'N'),
(577, 393, 2, 0, 0, 'N'),
(577, 396, 1, 0, 0, 'N'),
(577, 690, 0, 1, 0, 'N'),
(577, 706, 1, 0, 0, 'N'),
(577, 712, 8, 0, 0, 'S'),
(578, 555, 1, 0, 0, 'N'),
(578, 694, 1, 0, 0, 'N'),
(578, 706, 2, 0, 0, 'N'),
(578, 712, 7, 0, 0, 'S'),
(578, 713, 2, 0, 0, 'N'),
(578, 716, 1, 0, 0, 'N'),
(579, 706, 4, 0, 0, 'N'),
(579, 711, 3, 0, 0, 'N'),
(579, 712, 5, 0, 0, 'S'),
(579, 713, 1, 0, 0, 'N'),
(581, 514, 2, 0, 0, 'N'),
(581, 706, 1, 1, 0, 'N'),
(581, 712, 2, 0, 0, 'N'),
(581, 716, 2, 0, 0, 'S'),
(581, 731, 1, 0, 0, 'N'),
(583, 548, 1, 0, 0, 'N'),
(583, 552, 1, 0, 0, 'N'),
(583, 553, 1, 0, 0, 'N'),
(583, 706, 1, 0, 0, 'N'),
(583, 712, 5, 0, 0, 'S'),
(583, 713, 3, 0, 0, 'N'),
(583, 716, 1, 0, 0, 'N'),
(584, 392, 5, 0, 0, 'S'),
(584, 393, 1, 0, 0, 'N'),
(584, 403, 1, 0, 0, 'N'),
(584, 404, 1, 0, 0, 'N'),
(584, 410, 1, 0, 0, 'N'),
(584, 543, 2, 0, 0, 'N'),
(585, 558, 1, 0, 0, 'N'),
(585, 560, 1, 0, 0, 'N'),
(585, 649, 1, 0, 0, 'N'),
(585, 655, 1, 0, 0, 'N'),
(585, 657, 5, 0, 0, 'S'),
(587, 366, 2, 0, 0, 'N'),
(587, 383, 1, 0, 0, 'N'),
(587, 390, 2, 0, 0, 'N'),
(587, 692, 1, 0, 0, 'S'),
(588, 179, 5, 0, 0, 'S'),
(588, 181, 4, 0, 0, 'N'),
(588, 183, 2, 0, 0, 'N'),
(588, 529, 1, 0, 0, 'N'),
(588, 532, 3, 0, 0, 'N'),
(588, 719, 1, 0, 0, 'N'),
(589, 367, 1, 0, 0, 'N'),
(589, 692, 1, 0, 0, 'N'),
(589, 732, 2, 0, 0, 'N'),
(589, 733, 3, 0, 0, 'S'),
(592, 655, 1, 0, 0, 'N'),
(592, 657, 4, 0, 0, 'N'),
(592, 713, 1, 0, 0, 'N'),
(592, 715, 1, 0, 0, 'N'),
(592, 751, 3, 0, 0, 'S'),
(592, 752, 1, 0, 0, 'N'),
(594, 383, 3, 0, 0, 'S'),
(594, 385, 1, 0, 0, 'N'),
(594, 390, 1, 0, 0, 'N'),
(594, 500, 2, 0, 0, 'N'),
(599, 179, 80, 0, 0, 'N'),
(599, 500, 30, 0, 0, 'N'),
(600, 118, 2, 0, 0, 'N'),
(600, 120, 1, 0, 0, 'N'),
(600, 121, 6, 0, 0, 'S'),
(600, 294, 4, 0, 0, 'N'),
(600, 296, 1, 0, 0, 'N'),
(600, 759, 1, 0, 0, 'N'),
(601, 657, 1, 0, 0, 'N'),
(603, 392, 3, 0, 0, 'N'),
(603, 393, 3, 0, 0, 'S'),
(603, 397, 1, 0, 0, 'N'),
(603, 644, 1, 0, 0, 'N'),
(603, 712, 1, 0, 0, 'N'),
(603, 713, 2, 0, 0, 'N'),
(604, 500, 5, 0, 0, 'S'),
(604, 533, 1, 0, 0, 'N'),
(604, 537, 3, 0, 0, 'N'),
(604, 540, 1, 0, 0, 'N'),
(605, 366, 2, 0, 0, 'N'),
(605, 367, 1, 0, 0, 'N'),
(605, 544, 0, 1, 0, 'N'),
(605, 552, 1, 0, 0, 'N'),
(605, 691, 2, 0, 0, 'S'),
(605, 692, 1, 0, 0, 'N'),
(607, 361, 0, 1, 0, 'N'),
(607, 364, 0, 1, 0, 'N'),
(607, 411, 1, 0, 0, 'N'),
(607, 414, 1, 0, 0, 'S'),
(607, 720, 1, 0, 0, 'N'),
(608, 93, 1, 0, 0, 'N'),
(608, 502, 2, 0, 0, 'S'),
(608, 506, 1, 0, 0, 'N'),
(608, 507, 2, 0, 0, 'N'),
(608, 742, 1, 0, 0, 'N'),
(610, 656, 1, 0, 0, 'N'),
(610, 706, 1, 0, 0, 'N'),
(610, 712, 5, 0, 0, 'S'),
(610, 714, 1, 0, 0, 'N'),
(611, 500, 5, 0, 0, 'N'),
(611, 514, 6, 0, 0, 'S'),
(611, 515, 1, 0, 0, 'N'),
(611, 643, 2, 0, 0, 'N'),
(611, 731, 2, 0, 0, 'N'),
(612, 183, 1, 0, 0, 'N'),
(612, 512, 1, 0, 0, 'N'),
(612, 644, 3, 0, 0, 'S'),
(613, 384, 0, 1, 0, 'N'),
(613, 385, 1, 0, 0, 'N'),
(613, 390, 1, 0, 0, 'N'),
(613, 537, 1, 0, 0, 'N'),
(613, 539, 2, 0, 0, 'S'),
(614, 504, 2, 1, 0, 'N'),
(614, 507, 2, 0, 0, 'S'),
(615, 367, 0, 1, 0, 'N'),
(615, 558, 2, 0, 0, 'N'),
(615, 559, 2, 0, 0, 'N'),
(615, 691, 1, 0, 0, 'N'),
(615, 692, 3, 0, 0, 'S'),
(615, 733, 2, 0, 0, 'N'),
(615, 749, 1, 0, 0, 'N'),
(616, 404, 4, 0, 0, 'N'),
(616, 405, 3, 0, 0, 'N'),
(616, 411, 4, 0, 0, 'S'),
(616, 416, 1, 0, 0, 'N'),
(618, 93, 2, 0, 0, 'N'),
(618, 94, 1, 0, 0, 'N'),
(618, 357, 5, 0, 0, 'S'),
(619, 514, 2, 0, 0, 'N'),
(619, 525, 1, 0, 0, 'N'),
(619, 657, 4, 0, 0, 'S'),
(620, 215, 1, 0, 0, 'N'),
(620, 275, 2, 0, 0, 'N'),
(620, 726, 2, 0, 0, 'S'),
(620, 763, 1, 0, 0, 'N'),
(622, 525, 1, 0, 0, 'N'),
(622, 761, 3, 0, 0, 'N'),
(622, 762, 4, 0, 0, 'S'),
(623, 179, 4, 0, 0, 'S'),
(623, 712, 3, 0, 0, 'N'),
(623, 714, 1, 0, 0, 'N'),
(623, 719, 2, 0, 0, 'N'),
(623, 746, 1, 0, 0, 'N'),
(624, 392, 5, 0, 0, 'S'),
(624, 393, 1, 0, 0, 'N'),
(624, 396, 2, 0, 0, 'N'),
(624, 533, 1, 0, 0, 'N'),
(624, 539, 3, 0, 0, 'N'),
(624, 644, 1, 0, 0, 'N'),
(624, 764, 1, 0, 0, 'N'),
(625, 528, 1, 0, 0, 'N'),
(625, 532, 2, 0, 0, 'N'),
(625, 546, 1, 0, 0, 'N'),
(625, 760, 2, 0, 0, 'S'),
(627, 403, 1, 0, 0, 'N'),
(627, 405, 3, 0, 0, 'S'),
(627, 510, 1, 0, 0, 'N'),
(627, 693, 1, 0, 0, 'N'),
(629, 357, 2, 0, 0, 'N'),
(629, 360, 1, 0, 0, 'N'),
(629, 558, 4, 0, 0, 'S'),
(629, 559, 1, 0, 0, 'N'),
(630, 392, 3, 0, 0, 'N'),
(630, 393, 4, 0, 0, 'S'),
(630, 657, 2, 0, 0, 'N'),
(631, 514, 1, 0, 0, 'N'),
(631, 515, 1, 0, 0, 'N'),
(631, 517, 4, 0, 0, 'S'),
(631, 537, 3, 0, 0, 'N'),
(631, 539, 3, 0, 0, 'N'),
(632, 179, 4, 0, 0, 'S'),
(632, 183, 1, 0, 0, 'N'),
(632, 401, 1, 0, 0, 'N'),
(632, 500, 2, 0, 0, 'N'),
(632, 512, 3, 0, 0, 'N'),
(632, 768, 1, 0, 0, 'N'),
(633, 384, 0, 1, 0, 'N'),
(633, 385, 1, 0, 0, 'N'),
(633, 706, 3, 0, 0, 'N'),
(633, 712, 2, 0, 0, 'N'),
(633, 761, 6, 0, 0, 'S'),
(633, 762, 2, 0, 0, 'N'),
(633, 766, 1, 0, 0, 'N'),
(635, 366, 4, 0, 0, 'S'),
(635, 367, 1, 0, 0, 'N'),
(635, 403, 1, 0, 0, 'N'),
(635, 405, 2, 0, 0, 'N'),
(635, 692, 1, 0, 0, 'N'),
(635, 769, 2, 0, 0, 'N'),
(635, 770, 1, 0, 0, 'N'),
(635, 771, 1, 0, 0, 'N'),
(636, 94, 1, 0, 0, 'N'),
(636, 532, 2, 0, 0, 'S'),
(638, 357, 3, 0, 0, 'N'),
(638, 506, 1, 0, 0, 'N'),
(638, 507, 2, 0, 0, 'S'),
(638, 765, 1, 0, 0, 'N'),
(681, 82, 1, 0, 0, 'N'),
(681, 293, 1, 0, 0, 'N'),
(681, 296, 2, 0, 0, 'S'),
(681, 300, 1, 0, 0, 'N'),
(684, 71, 2, 0, 0, 'N'),
(684, 576, 2, 0, 0, 'N'),
(684, 577, 4, 0, 0, 'S'),
(684, 581, 1, 0, 0, 'N'),
(685, 285, 2, 0, 0, 'S'),
(685, 292, 2, 0, 0, 'N'),
(685, 634, 1, 0, 0, 'N'),
(685, 738, 1, 0, 0, 'N'),
(686, 129, 0, 1, 0, 'N'),
(686, 132, 1, 0, 0, 'S'),
(686, 134, 1, 1, 0, 'N'),
(686, 138, 1, 0, 0, 'N'),
(686, 572, 1, 0, 0, 'N'),
(686, 704, 1, 0, 0, 'N'),
(687, 64, 1, 0, 0, 'N'),
(687, 623, 3, 0, 0, 'N'),
(687, 628, 2, 0, 0, 'N'),
(687, 629, 5, 0, 0, 'S'),
(687, 772, 1, 0, 0, 'N');

-- --------------------------------------------------------

--
-- Estructura de tabla para la tabla `ga_sedes`
--

CREATE TABLE IF NOT EXISTS `ga_sedes` (
  `id` int(11) NOT NULL auto_increment,
  `nombre` varchar(250) NOT NULL default '',
  PRIMARY KEY  (`id`)
) ENGINE=InnoDB DEFAULT CHARSET=latin1 AUTO_INCREMENT=3 ;

--
-- Volcar la base de datos para la tabla `ga_sedes`
--

INSERT INTO `ga_sedes` (`id`, `nombre`) VALUES
(1, 'Pueyrredon'),
(2, 'Salguero');

-- --------------------------------------------------------

--
-- Estructura de tabla para la tabla `ga_torneos`
--

CREATE TABLE IF NOT EXISTS `ga_torneos` (
  `id` int(11) NOT NULL auto_increment,
  `nombre` varchar(250) NOT NULL default '',
  `nombre_pagina` varchar(150) NOT NULL default '',
  `fechaInicio` date NOT NULL default '1990-01-01',
  `fechaFin` date NOT NULL default '1990-01-01',
  `logoPrincipal` text,
  `logoMenu` text,
  `orden` int(11) default NULL,
  `activo` int(11) default '0',
  `logoPagina` text,
  `color` int(11) NOT NULL default '0',
  PRIMARY KEY  (`id`)
) ENGINE=InnoDB DEFAULT CHARSET=latin1 AUTO_INCREMENT=5 ;

--
-- Volcar la base de datos para la tabla `ga_torneos`
--

INSERT INTO `ga_torneos` (`id`, `nombre`, `nombre_pagina`, `fechaInicio`, `fechaFin`, `logoPrincipal`, `logoMenu`, `orden`, `activo`, `logoPagina`, `color`) VALUES
(1, 'T. Gambetero', 'Torneo Gambetero', '2011-04-01', '2011-07-30', 'pri_1_logo1.jpg', 'men_1_logo-01.gif', 0, 1, 'pag_1_logo_rosa.jpg', 0),
(2, 'Liga de Honor', 'Liga de Honor', '2012-03-25', '2012-12-15', 'pri_2_logo2.jpg', 'men_2_logo-02.gif', 1, 1, 'pag_2_logo_verde.jpg', 1),
(3, 'T. Pacífico', 'Torneo Pacífico', '2011-03-04', '2011-06-15', 'pri_3_logo3.jpg', 'men_3_logo-03.gif', 4, 1, 'pag_3_logo_amarillo.jpg', 2),
(4, 'Torneo C.Futbol', 'Torneo C.Futbol', '2012-03-17', '2012-03-31', 'pri_4_pri_4_logo4.jpg', 'men_4__loguitos-cabezal-torneos.jpg', 3, 1, 'pag_4__logos-titular.jpg', 2);

-- --------------------------------------------------------

--
-- Estructura de tabla para la tabla `ga_torneos_categorias`
--

CREATE TABLE IF NOT EXISTS `ga_torneos_categorias` (
  `id` int(11) NOT NULL auto_increment,
  `id_torneo` int(11) NOT NULL default '0',
  `id_categoria` int(11) NOT NULL default '0',
  PRIMARY KEY  (`id`)
) ENGINE=InnoDB DEFAULT CHARSET=latin1 AUTO_INCREMENT=26 ;

--
-- Volcar la base de datos para la tabla `ga_torneos_categorias`
--

INSERT INTO `ga_torneos_categorias` (`id`, `id_torneo`, `id_categoria`) VALUES
(1, 2, 1),
(11, 2, 3),
(12, 2, 4),
(13, 1, 1),
(15, 1, 4),
(19, 1, 3),
(20, 3, 5),
(21, 3, 6),
(22, 3, 7),
(23, 3, 8),
(24, 3, 9),
(25, 4, 1);

-- --------------------------------------------------------

--
-- Estructura de tabla para la tabla `ga_usuarios_adm`
--

CREATE TABLE IF NOT EXISTS `ga_usuarios_adm` (
  `id_usuario` int(11) NOT NULL auto_increment,
  `usuario` varchar(50) NOT NULL default '',
  `clave` varchar(50) NOT NULL default '',
  `nombre` varchar(50) default NULL,
  `apellido` varchar(50) default NULL,
  `esAdmin` char(1) NOT NULL default 'N',
  PRIMARY KEY  (`id_usuario`)
) ENGINE=InnoDB DEFAULT CHARSET=latin1 AUTO_INCREMENT=2 ;

--
-- Volcar la base de datos para la tabla `ga_usuarios_adm`
--

INSERT INTO `ga_usuarios_adm` (`id_usuario`, `usuario`, `clave`, `nombre`, `apellido`, `esAdmin`) VALUES
(1, 'admin', '51d52ebc16e01f6da140f4c5c9d287f6', 'Usuario', 'Administrador', 'S');

-- --------------------------------------------------------

--
-- Estructura de tabla para la tabla `jugadores`
--

CREATE TABLE IF NOT EXISTS `jugadores` (
  `id` int(8) NOT NULL auto_increment,
  `idEquipo` int(6) NOT NULL default '0',
  `nombre` varchar(200) NOT NULL default '',
  `fechaNacimiento` date default NULL,
  `goles` int(3) default '0',
  `fotoPreview` text,
  `fotoLarge` text,
  `pregunta1` varchar(100) default NULL,
  `pregunta2` varchar(100) default NULL,
  `pregunta3` varchar(100) default NULL,
  `pregunta4` varchar(100) default NULL,
  `pregunta5` varchar(100) default NULL,
  `pregunta6` varchar(100) default NULL,
  `pregunta7` varchar(100) default NULL,
  `pregunta8` varchar(100) default NULL,
  `pregunta9` varchar(100) default NULL,
  `pregunta10` varchar(100) default NULL,
  `username` varchar(20) default NULL,
  `passwd` varchar(20) default NULL,
  `acercaMio` text,
  PRIMARY KEY  (`id`)
) ENGINE=MyISAM  DEFAULT CHARSET=utf8 AUTO_INCREMENT=459 ;

--
-- Volcar la base de datos para la tabla `jugadores`
--

INSERT INTO `jugadores` (`id`, `idEquipo`, `nombre`, `fechaNacimiento`, `goles`, `fotoPreview`, `fotoLarge`, `pregunta1`, `pregunta2`, `pregunta3`, `pregunta4`, `pregunta5`, `pregunta6`, `pregunta7`, `pregunta8`, `pregunta9`, `pregunta10`, `username`, `passwd`, `acercaMio`) VALUES
(458, 49, 'Martin Mollander', NULL, 0, NULL, NULL, NULL, NULL, NULL, NULL, NULL, NULL, NULL, NULL, NULL, NULL, NULL, NULL, NULL),
(426, 48, 'Gonzalo Gravano', '1994-11-11', 2, NULL, NULL, NULL, NULL, NULL, NULL, NULL, NULL, NULL, NULL, NULL, NULL, NULL, NULL, NULL),
(427, 48, 'Matias De Roja', '1995-04-11', 1, NULL, NULL, NULL, NULL, NULL, NULL, NULL, NULL, NULL, NULL, NULL, NULL, NULL, NULL, NULL),
(428, 44, 'Nestor Chamorro', '1973-01-21', 3, NULL, NULL, NULL, NULL, NULL, NULL, NULL, NULL, NULL, NULL, NULL, NULL, NULL, NULL, NULL),
(429, 44, 'Daniel Blanco', '1988-05-27', 2, NULL, NULL, NULL, NULL, NULL, NULL, NULL, NULL, NULL, NULL, NULL, NULL, NULL, NULL, NULL),
(430, 44, 'Cristian Jansat', '1986-08-25', 0, NULL, NULL, NULL, NULL, NULL, NULL, NULL, NULL, NULL, NULL, NULL, NULL, NULL, NULL, NULL),
(431, 44, 'Pablo Morabini', '1988-10-19', 8, NULL, NULL, NULL, NULL, NULL, NULL, NULL, NULL, NULL, NULL, NULL, NULL, NULL, NULL, NULL),
(432, 44, 'Humberto Zayas', '1973-11-03', 0, NULL, NULL, NULL, NULL, NULL, NULL, NULL, NULL, NULL, NULL, NULL, NULL, NULL, NULL, NULL),
(433, 44, 'Alberto Zayas', '1982-01-26', 1, NULL, NULL, NULL, NULL, NULL, NULL, NULL, NULL, NULL, NULL, NULL, NULL, NULL, NULL, NULL),
(434, 44, 'Luis Zayas', '1976-09-22', 0, NULL, NULL, NULL, NULL, NULL, NULL, NULL, NULL, NULL, NULL, NULL, NULL, NULL, NULL, NULL),
(435, 44, 'Alejandro Herrera', '1982-12-07', 0, NULL, NULL, NULL, NULL, NULL, NULL, NULL, NULL, NULL, NULL, NULL, NULL, NULL, NULL, NULL),
(436, 44, 'Cristian Ruiz', '1979-09-26', 0, NULL, NULL, NULL, NULL, NULL, NULL, NULL, NULL, NULL, NULL, NULL, NULL, NULL, NULL, NULL),
(437, 51, 'Gonzalo Peralta', '1994-06-01', 3, NULL, NULL, NULL, NULL, NULL, NULL, NULL, NULL, NULL, NULL, NULL, NULL, NULL, NULL, NULL),
(438, 51, 'Nicolas Tedesco', '1994-11-07', 5, NULL, NULL, NULL, NULL, NULL, NULL, NULL, NULL, NULL, NULL, NULL, NULL, NULL, NULL, NULL),
(457, 51, 'Mariano Severino', NULL, 4, NULL, NULL, NULL, NULL, NULL, NULL, NULL, NULL, NULL, NULL, NULL, NULL, NULL, NULL, NULL),
(440, 51, 'Gonzalo Rivero', NULL, 3, NULL, NULL, NULL, NULL, NULL, NULL, NULL, NULL, NULL, NULL, NULL, NULL, NULL, NULL, NULL),
(441, 51, 'Juan Vitale', NULL, 5, NULL, NULL, NULL, NULL, NULL, NULL, NULL, NULL, NULL, NULL, NULL, NULL, NULL, NULL, NULL),
(442, 49, 'Sebastian Beiz', NULL, 2, NULL, NULL, NULL, NULL, NULL, NULL, NULL, NULL, NULL, NULL, NULL, NULL, NULL, NULL, NULL),
(443, 49, 'Gabriel Fernandez', '2066-02-19', 2, NULL, NULL, NULL, NULL, NULL, NULL, NULL, NULL, NULL, NULL, NULL, NULL, NULL, NULL, NULL),
(444, 49, 'Gustavo Rosso', '1970-04-19', 4, NULL, NULL, NULL, NULL, NULL, NULL, NULL, NULL, NULL, NULL, NULL, NULL, NULL, NULL, NULL),
(445, 49, 'Alejandro Glasman', NULL, 0, NULL, NULL, NULL, NULL, NULL, NULL, NULL, NULL, NULL, NULL, NULL, NULL, NULL, NULL, NULL),
(446, 49, 'Christian Miguez', '1976-10-28', 5, NULL, NULL, NULL, NULL, NULL, NULL, NULL, NULL, NULL, NULL, NULL, NULL, NULL, NULL, NULL),
(447, 49, 'Luis Gxrutti', '2063-08-29', 1, NULL, NULL, NULL, NULL, NULL, NULL, NULL, NULL, NULL, NULL, NULL, NULL, NULL, NULL, NULL),
(448, 49, 'Fabio Szuchaman', '1970-02-08', 0, NULL, NULL, NULL, NULL, NULL, NULL, NULL, NULL, NULL, NULL, NULL, NULL, NULL, NULL, NULL),
(449, 43, 'Eric Dans', '1987-09-30', 2, NULL, NULL, NULL, NULL, NULL, NULL, NULL, NULL, NULL, NULL, NULL, NULL, NULL, NULL, NULL),
(450, 43, 'Sebastian Bossatta', '1988-08-04', 0, NULL, NULL, NULL, NULL, NULL, NULL, NULL, NULL, NULL, NULL, NULL, NULL, NULL, NULL, NULL),
(451, 43, 'Nicolas Calvan', '1987-10-14', 0, NULL, NULL, NULL, NULL, NULL, NULL, NULL, NULL, NULL, NULL, NULL, NULL, NULL, NULL, NULL),
(452, 43, 'Nicolas Merli', '1988-11-03', 2, NULL, NULL, NULL, NULL, NULL, NULL, NULL, NULL, NULL, NULL, NULL, NULL, NULL, NULL, NULL),
(453, 43, 'Santiago Troia', '1988-11-30', 5, NULL, NULL, NULL, NULL, NULL, NULL, NULL, NULL, NULL, NULL, NULL, NULL, NULL, NULL, NULL),
(454, 43, 'Lucas Sbora', '1988-09-29', 0, NULL, NULL, NULL, NULL, NULL, NULL, NULL, NULL, NULL, NULL, NULL, NULL, NULL, NULL, NULL),
(455, 43, 'Francisco Tellez', '1988-07-28', 0, NULL, NULL, NULL, NULL, NULL, NULL, NULL, NULL, NULL, NULL, NULL, NULL, NULL, NULL, NULL),
(456, 43, 'Matias Gonzalez', '1988-10-12', 1, NULL, NULL, NULL, NULL, NULL, NULL, NULL, NULL, NULL, NULL, NULL, NULL, NULL, NULL, NULL),
(404, 46, 'Cristian Gabriel Tenuta', '1988-12-12', 7, NULL, NULL, NULL, NULL, NULL, NULL, NULL, NULL, NULL, NULL, NULL, NULL, NULL, NULL, NULL),
(416, 47, 'Fabián Dutallaz', '1971-08-29', 8, NULL, NULL, NULL, NULL, NULL, NULL, NULL, NULL, NULL, NULL, NULL, NULL, NULL, NULL, NULL),
(423, 48, 'Gonzalo Masana', '1995-05-02', 1, NULL, NULL, NULL, NULL, NULL, NULL, NULL, NULL, NULL, NULL, NULL, NULL, NULL, NULL, NULL),
(424, 48, 'Fernando Barclay', '1994-11-10', 1, NULL, NULL, NULL, NULL, NULL, NULL, NULL, NULL, NULL, NULL, NULL, NULL, NULL, NULL, NULL),
(422, 48, 'Martin Veit', '1994-10-27', 3, NULL, NULL, NULL, NULL, NULL, NULL, NULL, NULL, NULL, NULL, NULL, NULL, NULL, NULL, NULL),
(419, 47, 'Sebastian Cepa', NULL, 2, NULL, NULL, NULL, NULL, NULL, NULL, NULL, NULL, NULL, NULL, NULL, NULL, NULL, NULL, NULL),
(417, 47, 'Manuel Piñar', '1989-08-16', 19, NULL, NULL, NULL, NULL, NULL, NULL, NULL, NULL, NULL, NULL, NULL, NULL, NULL, NULL, NULL),
(415, 47, 'Facundo Vicente', '1993-03-28', 4, NULL, NULL, NULL, NULL, NULL, NULL, NULL, NULL, NULL, NULL, NULL, NULL, NULL, NULL, NULL),
(414, 47, 'Ignacio Benedetti', '1993-01-28', 4, NULL, NULL, NULL, NULL, NULL, NULL, NULL, NULL, NULL, NULL, NULL, NULL, NULL, NULL, NULL),
(420, 47, 'Alejandro Gatti', NULL, 0, NULL, NULL, NULL, NULL, NULL, NULL, NULL, NULL, NULL, NULL, NULL, NULL, NULL, NULL, NULL),
(410, 46, 'Mauro Robertino Frezzi', '1988-10-20', 3, NULL, NULL, NULL, NULL, NULL, NULL, NULL, NULL, NULL, NULL, NULL, NULL, NULL, NULL, NULL),
(411, 47, 'Franco Crespo', '1992-10-29', 0, NULL, NULL, NULL, NULL, NULL, NULL, NULL, NULL, NULL, NULL, NULL, NULL, NULL, NULL, NULL),
(412, 47, 'Miguel Brizuela', '1989-10-29', 2, NULL, NULL, NULL, NULL, NULL, NULL, NULL, NULL, NULL, NULL, NULL, NULL, NULL, NULL, NULL),
(413, 47, 'Estanislao Iglesias', '1993-03-12', 3, NULL, NULL, NULL, NULL, NULL, NULL, NULL, NULL, NULL, NULL, NULL, NULL, NULL, NULL, NULL),
(405, 46, 'Maximiliano Albela', '1988-07-04', 0, NULL, NULL, NULL, NULL, NULL, NULL, NULL, NULL, NULL, NULL, NULL, NULL, NULL, NULL, NULL),
(403, 46, 'Mariano Jares', '1988-10-31', 1, NULL, NULL, NULL, NULL, NULL, NULL, NULL, NULL, NULL, NULL, NULL, NULL, NULL, NULL, NULL),
(401, 50, 'Javier Silvera', '1983-08-28', 0, NULL, NULL, NULL, NULL, NULL, NULL, NULL, NULL, NULL, NULL, NULL, NULL, NULL, NULL, NULL),
(402, 50, 'Lucas Aguirre', NULL, 4, NULL, NULL, NULL, NULL, NULL, NULL, NULL, NULL, NULL, NULL, NULL, NULL, NULL, NULL, NULL),
(399, 50, 'Gastón Cabañas', '1985-09-03', 2, NULL, NULL, NULL, NULL, NULL, NULL, NULL, NULL, NULL, NULL, NULL, NULL, NULL, NULL, NULL),
(395, 50, 'Cristian Mansilla', '1985-08-27', 2, NULL, NULL, NULL, NULL, NULL, NULL, NULL, NULL, NULL, NULL, NULL, NULL, NULL, NULL, NULL),
(396, 50, 'Enzo Damus', '1988-07-07', NULL, NULL, NULL, NULL, NULL, NULL, NULL, NULL, NULL, NULL, NULL, NULL, NULL, NULL, NULL, NULL),
(397, 50, 'Diego Castellano', '1985-08-23', 2, NULL, NULL, NULL, NULL, NULL, NULL, NULL, NULL, NULL, NULL, NULL, NULL, NULL, NULL, NULL),
(398, 50, 'Mariano Brizuela', '1986-02-21', NULL, NULL, NULL, NULL, NULL, NULL, NULL, NULL, NULL, NULL, NULL, NULL, NULL, NULL, NULL, NULL),
(392, 45, 'Jonathan Leites', NULL, 9, NULL, NULL, NULL, NULL, NULL, NULL, NULL, NULL, NULL, NULL, NULL, NULL, NULL, NULL, NULL),
(389, 45, 'Fabio Baez', NULL, 0, NULL, NULL, NULL, NULL, NULL, NULL, NULL, NULL, NULL, NULL, NULL, NULL, NULL, NULL, NULL),
(390, 45, 'Víctor Verza', '1990-11-02', NULL, NULL, NULL, NULL, NULL, NULL, NULL, NULL, NULL, NULL, NULL, NULL, NULL, NULL, NULL, NULL),
(391, 45, 'Martín Zapata', NULL, 0, NULL, NULL, NULL, NULL, NULL, NULL, NULL, NULL, NULL, NULL, NULL, NULL, NULL, NULL, NULL),
(421, 48, 'Nicolas Blanco', '1995-05-29', NULL, NULL, NULL, NULL, NULL, NULL, NULL, NULL, NULL, NULL, NULL, NULL, NULL, NULL, NULL, NULL),
(418, 47, 'Eduardo Borrego', NULL, 0, NULL, NULL, NULL, NULL, NULL, NULL, NULL, NULL, NULL, NULL, NULL, NULL, NULL, NULL, NULL),
(409, 46, 'Facundo Nicolas Orsini', '1988-11-18', 4, NULL, NULL, NULL, NULL, NULL, NULL, NULL, NULL, NULL, NULL, NULL, NULL, NULL, NULL, NULL),
(408, 46, 'Matias Daniel Fabbro', '1989-02-19', 0, NULL, NULL, NULL, NULL, NULL, NULL, NULL, NULL, NULL, NULL, NULL, NULL, NULL, NULL, NULL),
(407, 46, 'Federico Quintas', '1992-01-19', 1, NULL, NULL, NULL, NULL, NULL, NULL, NULL, NULL, NULL, NULL, NULL, NULL, NULL, NULL, NULL),
(406, 46, 'Matias Quintas', '1989-03-27', 0, NULL, NULL, NULL, NULL, NULL, NULL, NULL, NULL, NULL, NULL, NULL, NULL, NULL, NULL, NULL),
(394, 45, 'Gustavo López', '1986-04-06', 2, NULL, NULL, NULL, NULL, NULL, NULL, NULL, NULL, NULL, NULL, NULL, NULL, NULL, NULL, NULL),
(393, 45, 'Enzo Darocha', '1986-03-29', 0, NULL, NULL, NULL, NULL, NULL, NULL, NULL, NULL, NULL, NULL, NULL, NULL, NULL, NULL, NULL),
(387, 45, 'Julián López', '1990-07-26', 6, NULL, NULL, NULL, NULL, NULL, NULL, NULL, NULL, NULL, NULL, NULL, NULL, NULL, NULL, NULL),
(388, 45, 'Alexis Barqui', '1990-10-02', NULL, NULL, NULL, NULL, NULL, NULL, NULL, NULL, NULL, NULL, NULL, NULL, NULL, NULL, NULL, NULL),
(386, 45, 'Rodrigo Stella', '1991-09-30', 5, NULL, NULL, NULL, NULL, NULL, NULL, NULL, NULL, NULL, NULL, NULL, NULL, NULL, NULL, NULL);

-- --------------------------------------------------------

--
-- Estructura de tabla para la tabla `noticias`
--

CREATE TABLE IF NOT EXISTS `noticias` (
  `id` int(6) NOT NULL auto_increment,
  `idTorneo` int(4) default NULL,
  `fecha` date default NULL,
  `titulo` varchar(250) NOT NULL default '',
  `prologo` text,
  `cuerpo` text,
  `fotoPreview` text,
  `fotoLarge` text,
  `mostrarHome` tinyint(1) NOT NULL default '0',
  `activo` tinyint(1) NOT NULL default '1',
  PRIMARY KEY  (`id`)
) ENGINE=MyISAM  DEFAULT CHARSET=utf8 AUTO_INCREMENT=54 ;

--
-- Volcar la base de datos para la tabla `noticias`
--

INSERT INTO `noticias` (`id`, `idTorneo`, `fecha`, `titulo`, `prologo`, `cuerpo`, `fotoPreview`, `fotoLarge`, `mostrarHome`, `activo`) VALUES
(53, 4, '2011-05-05', 'Prueba', 'Prueba', '<p>Prueba</p>', NULL, NULL, 1, 1);

-- --------------------------------------------------------

--
-- Estructura de tabla para la tabla `parametros`
--

CREATE TABLE IF NOT EXISTS `parametros` (
  `id` int(11) NOT NULL auto_increment,
  `clave` varchar(20) NOT NULL default '',
  `parametro` varchar(250) NOT NULL default '',
  `valor` varchar(50) NOT NULL default '',
  PRIMARY KEY  (`id`)
) ENGINE=InnoDB DEFAULT CHARSET=latin1 AUTO_INCREMENT=1 ;

--
-- Volcar la base de datos para la tabla `parametros`
--


-- --------------------------------------------------------

--
-- Estructura de tabla para la tabla `posicionescancha`
--

CREATE TABLE IF NOT EXISTS `posicionescancha` (
  `id` int(4) NOT NULL auto_increment,
  `descripcion` varchar(100) NOT NULL default '',
  PRIMARY KEY  (`id`)
) ENGINE=MyISAM  DEFAULT CHARSET=utf8 AUTO_INCREMENT=5 ;

--
-- Volcar la base de datos para la tabla `posicionescancha`
--

INSERT INTO `posicionescancha` (`id`, `descripcion`) VALUES
(1, 'Arquero'),
(2, 'Defensor'),
(3, 'Volante'),
(4, 'Delantero');

-- --------------------------------------------------------

--
-- Estructura de tabla para la tabla `procesoposiciones`
--

CREATE TABLE IF NOT EXISTS `procesoposiciones` (
  `sessionId` varchar(250) NOT NULL default '',
  `id` int(6) NOT NULL default '0',
  `nombre` varchar(250) default NULL,
  `gf` int(4) default NULL,
  `gc` int(4) default NULL,
  `ta` int(4) default NULL,
  `tr` int(4) default NULL,
  `pg` int(4) default NULL,
  `pe` int(4) default NULL,
  `pp` int(4) default NULL,
  `puntos` int(4) default NULL,
  `puntosFP` int(4) default NULL,
  PRIMARY KEY  (`sessionId`,`id`)
) ENGINE=MyISAM DEFAULT CHARSET=utf8;

--
-- Volcar la base de datos para la tabla `procesoposiciones`
--


-- --------------------------------------------------------

--
-- Estructura de tabla para la tabla `reglamentos`
--

CREATE TABLE IF NOT EXISTS `reglamentos` (
  `id` int(4) NOT NULL auto_increment,
  `idTorneo` int(4) NOT NULL default '0',
  `titulo` varchar(250) NOT NULL default '',
  `descripcion` text,
  PRIMARY KEY  (`id`)
) ENGINE=MyISAM  DEFAULT CHARSET=utf8 AUTO_INCREMENT=10 ;

--
-- Volcar la base de datos para la tabla `reglamentos`
--

INSERT INTO `reglamentos` (`id`, `idTorneo`, `titulo`, `descripcion`) VALUES
(9, 4, 'De Primera Reglamento Fútbol 5', 'Parte I: ORGANIZACION\r\n 	\r\n1.	Sistemas de Pago\r\n\r\nLos equipos deberán abonar el canon correspondiente al partido de cada fecha. La Organización, por su parte, entregará su recibo correspondiente. A su vez, junto con el pago de la inscripción, cada equipo deberá abonar un depósito, equivalente al valor de un partido, el cual se devolverá al equipo una vez finalizado el Torneo en caso de no haber sido utilizado en el transcurso del mismo. \r\n\r\n2.	Inasistencia a partidos\r\n\r\nUn equipo podrá comunicar a La Organización sobre su inasistencia a un partido hasta el día miércoles hasta las 23.00hs de la misma semana en que se juegue el partido. En tal caso, dicho partido se reprogramará, dando aviso al equipo rival, en un día y horario conveniente para ambas partes. Únicamente, un equipo podrá comunicar su inasistencia y tendrá derecho a reprogramar sus partidos en 2 (dos) oportunidades. En caso de superarse dicha cantidad, La Organización no garantiza la reprogramación de esos partidos, pudiendo otorgar los puntos al equipo rival.\r\nEn caso que un equipo comunique su inasistencia pasado el día miércoles, se consultará al otro equipo acerca de la conveniencia de la reprogramación, apelando al Fair Play de los jugadores. En caso que se acuerde la reprogramación, la misma quedará sujeta a disponibilidad horaria de La Organización. El equipo consultado puede pedir los puntos del partido, por lo que se le dará por ganado el partido por 5-0, pero los goles no se le computarán a ninguno de sus jugadores. Por su parte, al equipo ausente se le descontará el depósito efectuado a inicio del Torneo.   \r\nEn caso que un equipo no asiste a su partido sin previo aviso ni comunicación, se le dará por ganado el partido al equipo rival por un total de 5-0, pero los goles no se le computarán a ninguno de sus jugadores. A su vez, se le descontará el depósito efectuado a inicio del Torneo y se le quitarán 3 (tres) puntos de la Tabla General de Posiciones de su categoría. \r\n\r\nIMPORTANTE: Los avisos de ausencia a un encuentro se deben realizar por teléfono a La Organización y mail a la dirección general de la Organización (deprimerafutbol5@hotmail.com), el cual debe ser debidamente respondido. En caso de no serlo o no recibir aviso de lectura, no se tomará el mismo como comunicación fehaciente hacia La Organización y, por tanto, se desconocerá. \r\n \r\n3.	 Retiro del torneo\r\n\r\nLa Organización podrá decidir el retiro o expulsión de  un equipo de una categoría o del Torneo directamente. A su vez, en caso de necesidad, podrá designar el cambio de categoría de un equipo, en principio, motivado por una excesiva diferencia de nivel.  \r\nEn los casos en que un equipo no continúe jugando en la categoría, se les dará a los demás equipos ese partido ganado por 5-0, sin computarse los goles a ninguno de sus jugadores. \r\nDe retirarse un equipo por voluntad propia, el mismo perderá el derecho a recuperar su depósito.\r\n\r\n\r\n\r\n\r\n4.	Planilla\r\n\r\nDe inscripción: en la misma, se deberán completar todos los datos requeridos pertenecientes a los jugadores que integrarán el equipo, pudiendo inscribir a un máximo de 12 (doce). A su vez, deberán firmar la última hoja reconociendo que se aceptan todos los puntos citados en dicha inscripción. Solo se permitirán incluir nuevos jugadores en la medida en que no se haya superado el límite citado precedentemente o bien cuando por justificada razón alguno de los mismos no continúe jugando. \r\n Aquellos equipos que no abonen la inscripción no se considerarán formalmente inscriptos, por lo que su lugar podrá ser ocupado por otro que la haya abonado. \r\n \r\nDe juego: previo a un encuentro, el equipo deberá dar el presente y completar su planilla con los datos correspondientes a cada jugador: número de camiseta, nombre y apellido. Solamente se podrán agregar jugadores a dicha planilla con previo aviso a La Organización y habiéndolos incluido en la Planilla de Inscripción. En ningún caso, se podrá exceder el máximo de 12 jugadores. \r\nSi un jugador, por motivos indefinidos, llegara tarde a un encuentro, podrá participar del partido siempre y cuando se anuncie a La Organización y firme la planilla de Juego.\r\nEs necesario firmar la planilla de juego 10 minutos antes del horario programado para el inicio del partido. Se permitirá comenzar el mismo siempre y cuando cada equipo cuente con un mínimo de 4 jugadores.\r\nFinalizado el encuentro, el capitán de cada equipo tendrá a su disposición la planilla de juego con los resultados obtenidos y los goles correspondientes a cada jugador, ya sea para certificar dicha planilla o para efectuar un reclamo correspondiente a ese partido. En caso de  realizar algún reclamo respecto del resultado o los goles atribuidos a sus jugadores, el capitán deberá elevarlo el mismo día del encuentro ante la presencia del árbitro en cuestión, de manera de aclarar el episodio y determinar los datos correctos. No se aceptarán reclamos de esa índole luego del día en que fue jugado el partido.\r\n5.	Tolerancias para el inicio de los partidos\r\n\r\nEl tiempo de tolerancia para cada uno de los encuentros es de 15 minutos. Pasado ese tiempo, si uno de los equipos llega tarde, el que haya respetado el horario, podrá reclamar el beneficio de obtener el partido como ganado sin necesidad de jugar el encuentro (este presente o no su rival). En ese caso, se le dará la victoria por 5-0 sin que los goles se atribuyan a ninguno de sus jugadores. \r\nImportante: Si el equipo decide jugar el encuentro y desea obtener el beneficio anteriormente nombrado, deberá informárselo a la organización previa al inicio del enfrentamiento. En este caso, el costo del partido deberá ser abonado por ambas partes, independientemente de que la victoria haya sido adjudicada a uno de los equipos.\r\nEn caso de que el equipo decida no jugar el encuentro, a aquél que haya llegado tarde se le descontará el depósito correspondiente.\r\nSi el rival no se presenta al encuentro, el equipo presente se hará acreedor del beneficio sin necesidad de reclamarlo ante la organización.\r\nLos partidos, en el caso de jugarse con un atraso superior a los 15 minutos, se podrán acortar en su tiempo, independientemente de que los puntos se encuentren o no en juego, con el espíritu de no demorar a los demás partidos y equipos (se dará previo aviso a los capitanes de cada equipo en caso de tomar esta medida).\r\n \r\n6.	Reclamos\r\n\r\nEn lo que se refiere a reclamos, se podrán realizar con un plazo de 7 días luego de haber acontecido el partido y deberá efectuarse en forma escrita; detrás de su planilla de juego. Pasado este tiempo, la organización podrá no hacerse responsable de los mismos. \r\nEn caso que correspondiere, La Organización responderá en forma escrita hacia el capitán del equipo, dando las debidas explicaciones del caso y responsabilizándose por lo ocurrido de ser necesario.\r\n\r\n7.	Otros acontecimientos\r\n\r\n•	La organización se reserva el derecho de modificar la programación de los partidos como así también la estructura del torneo para la correcta marcha del mismo.              \r\n•	La organización no se hace responsable de las posibles pérdidas materiales dentro o fuera del complejo.\r\n•	La organización no se hace responsable de los posibles accidentes ocasionados dentro y fuera del campo de juego. De todos hay un botiquín de primeros auxilios.\r\n•	La Organización no puede desautorizar ningún tipo de fallo arbitral durante el transcurso o luego de la finalización de un encuentro, ya sea de fase regular o Play-off. El árbitro es la máxima autoridad dentro de la cancha, por lo que ninguna persona desde fuera de la misma podrá revertir lo que determine. \r\n•	La organización se reserva el derecho de admisión tanto al torneo como al complejo.\r\n•	El Veedor del Partido\r\n•	La función del veedor será la de confeccionar la planilla del partido antes del inicio del encuentro, el registro de los jugadores con su número dorsal, capitanes y el técnico acreditado de cada equipo, firma de estos y la verificación por parte del árbitro si este lo considerará necesario. Es también función de este verificar la identidad y número dorsal de los 6 jugadores iniciales así como el resto de los jugadores.\r\n\r\n Es obligación del veedor registrar las faltas personales de los jugadores señaladas oportunamente por él árbitro a este.\r\n\r\n Se deja constancia que el veedor no puede modificar los fallos del árbitro, limita a facilitar el normal desarrollo del partido (Ej. Alcanzando las pelotas, el agua cuando fuera necesario, solicitar asistencia médica, etc) .\r\n\r\n\r\n•	El  árbitro del encuentro\r\n\r\n•	Las funciones del árbitro comienzan en el momento en que este ingresa a la cancha momento en donde comienzan su autoridad y facultades para advertir a cualquier jugador o técnico que adopten conductas inconvenientes, incluso la de descalificar según la naturaleza de la infracción cometida.\r\n\r\nLas facultades y deberes de los árbitros son aplicar las reglas y decidir sobre cualquier situación originada durante el juego en sus aspectos técnicos y disciplinarios, las cuales son finales e inapelables en cuanto se relacionen con el partido y el resultado del mismo.\r\n\r\nTodos los partidos serán dirigidos por árbitros designados por la organización los cuales tendrán la facultad de aplicar las normas del presente reglamento.\r\n\r\nLa llegada tardía del referí no será motivo suficiente para la suspensión del cotejo exceptuando que se supere el tiempo lógica de espera, en ese caso se reprogramaría el partido.\r\n \r\n•	Parte II: JUEGO\r\n \r\n1.	Duración de los partidos: el encuentro se divide en dos tiempos de 25 minutos, con un entretiempo de 5 minutos. \r\n2.	Puntos: por partido ganado se obtendrán 3 - tres - puntos, por partido empatado 1 - uno - puntos y por partido perdido 0 - cero - punto. \r\n\r\n3.	Estructura del torneo: la modalidad de juego de cada torneo quedará a criterio de La Organización en función de la necesidad, cantidad de categorías y mejor esquema de juego para los equipos.\r\n\r\n4.	 Goles: serán válidos pasando la mitad de la cancha. No están permitidos los goles directos de los saques del medio, con excepción de que la pelota se desvíe en algún jugador o el arquero antes de entrar al arco.\r\n\r\n5.	 Cambios: además de los 5 titulares se permite tener hasta 7 suplentes más. Los cambios son ilimitados, autorizados únicamente por el árbitro y en el momento en que él indique, con el espíritu de no interrumpir ninguna jugada ni avance de gol para ninguno de los dos equipos.\r\n\r\n6.	 Arquero: tanto el saque de arco como así también cualquier inicio del juego por parte del arquero, tendrá que realizarse con las manos, no pudiendo la pelota ir más allá de la mitad de la cancha, excepto que sea interceptada por cualquier jugador de campo en su trayecto y con anterioridad a que supere dicha zona. En caso que esto suceda, el equipo contrario repondrá el juego con un lateral ejecutado desde la mitad de la cancha. Únicamente el arquero podrá sacar con el pie en caso que deje picar la pelota dentro de su área. No será válido el gol convertido de forma directa por el arquero que saque del arco bajo esta modalidad. En tal caso, el equipo contrario repondrá el juego desde el medio de la cancha mediante un lateral. \r\nEl arquero NO PUEDE pasar la mitad de la cancha con o sin pelota dominada. Tampoco podrá recibir la pelota con las manos si un jugador de su propio equipo le hace un pase directo (con excepción de que el mismo sea de lateral). En caso de cometerse dicha infracción, el rival tendrá a su favor un tiro libre indirecto fuera del área, lo más próximo al lugar en donde se cometió la misma. \r\nEl arquero no puede darse juego a sí misma. En caso contrario, se cobrará lateral para el equipo contrario desde el lugar más próximo a la infracción.\r\n\r\n7.	Saques laterales: se efectúan con los pies sin permitirse envíos por el aire al área rival. La distancia que debe guardar el adversario son 3(tres) pasos (la distancia será cedida siempre y cuando el jugador lo pida).\r\n\r\n8.	 Tiros libres: serán directos e indirectos (a criterio del árbitro en función del tipo de infracción y su gravedad). En todos los casos, indicará tanto al arquero como a la ejecutante qué clase de tiro libre ha sancionado. 4 (cuatro pasos) será la distancia de la barrera, la que será cedida siempre y cuando el jugador ejecutante lo solicite. \r\n\r\n9.	 Disputa en el piso: se considera falta indirecta tirarse a los pies del rival para recuperar el balón o bien disputar el mismo. En ese caso, se sancionará tiro libre indirecto para el equipo oponente. No se considera infracción en el piso cuando no hay rival que esté disputando conjuntamente la pelota. El arquero, dentro de su propia área, podrá ir al piso siempre. Si el jugador va al piso dentro de su propia área se cobrará tiro libre indirecto fuera de la misma, en el lugar más próximo a la infracción.  La sanción de este tipo de faltas, queda exclusivamente a criterio del árbitro.\r\n\r\n10.	 Tiros de esquina: el gol es válido. Se permiten envíos al área. La distancia reglamentaria al punto de ejecución será de 3 (tres) pasos, siempre y cuando la ejecutante así lo solicite.\r\n\r\n11.	Tiros penales: se ejecutarán sin carrera, teniendo el pie de apoyo al lado del balón. En caso que exista algún tipo de rebote luego de la ejecución, el juego continuará. Todos los jugadores deberán permanecer por detrás de la línea de la pelota hasta que el penal se realice. Si así no ocurriere, el árbitro deberá hacer ejecutar nuevamente el penal. El arquero deberá permanecer con sus pies en la línea de gol. Si se adelantara, tratando de obtener ventaja de su posición para tapar el balón, el árbitro deberá hacer ejecutar nuevamente el penal. \r\n\r\n12.	 Corte del partido: en los casos en que el árbitro lo considere necesario, podrá cortar el desarrollo del partido, pudiendo ser algunas de las causas, tiempo para refresco de jugadores en caso de excesivo calor, lesión de una jugador a pesar que el juego continúe, etc. Esta medida queda determinada a entero criterio del árbitro. \r\n\r\n13.	Ley de Ventaja: a criterio del árbitro.\r\n\r\n14.	 Reemplazo de jugador por lesión: un jugador lesionado podrá ser remplazado por otro en cualquier momento del torneo siempre que sea comunicado y autorizado por la organización. A tal efecto, el nuevo ingresante deberá presentar un certificado médico que la habilite a jugar el Torneo y la califique como apta para realizar este tipo de actividad.\r\n\r\n15.	 Indumentaria: el equipo deberá presentar camisetas o pecheras de un mismo color y  se exige que las mismas estén numeradas. Se encuentra PROHIBIDO usar botines con tapones que puedan lastimar al rival y accesorios innecesarios para el juego que son riesgosos para el propio jugador o el resto (pearcing, relojes, pulseras, anillos, etc). La responsabilidad de posibles accidentes asimismo como a las demás personas por el uso de  estos accesorios, recaerá sobre el jugador que no respete dicho punto.\r\n\r\n\r\n \r\nParte III: SANCIONES\r\n\r\n \r\n1.	Tarjeta amarilla: aquel jugador que acumule dos tarjetas amarillas en el mismo encuentro recibirá inmediatamente la tarjeta roja y será expulsado. La acumulación de 4 (cuatro) tarjetas amarillas, en diferentes encuentros, se sancionará con 1 (una) fecha de suspensión. La misma será la inmediata siguiente a la que se recibió la tercera tarjeta amarilla.\r\n\r\n2.	Tarjeta azul: aquel jugador que reciba una tarjeta azul, quedará automáticamente fuera del encuentro por 5 minutos. La aplicación de esta tarjeta a un jugador no requiere que la misma haya visto la tarjeta amarilla previamente. \r\n\r\n3.	Tarjeta roja: puede ser directa o indirecta (dos tarjetas amarillas en el mismo encuentro). El jugador deberá abandonar el partido y no podrá permanecer en el perímetro de juego. Caso contrario el encuentro será suspendido, perjudicando a su equipo. Dependiendo de la gravedad de la infracción, el árbitro y La Organización determinarán la cantidad de fechas de suspensión que serán asignadas al jugador en cuestión y será comunicada en el transcurso de la semana inmediata siguiente por medio fehaciente.\r\n\r\n4.	Tipos de sanciones:\r\n \r\na.	Agresión física a La Organización: expulsión del torneo.\r\nb.	Agresión física al árbitro: expulsión del torneo.\r\nc.	Agresión física a un adversario: Leve: de 1 fecha; Media: de 2 a 3 fechas; Brusca: 4 fechas.\r\nd.	Intento de agresión física / Agresión verbal a La Organización: 3 fechas\r\ne.	Intento de agresión física / Agresión verbal al árbitro:3 fechas\r\nf.	Intento de agresión física / Agresión verbal a un adversario: 2 fechas\r\ng.	Juego brusco: de 1 a 3 fechas dependiendo de la gravedad del hecho a criterio de La Organización.\r\n \r\n \r\nLas sanciones que determine la organización dependerán del informe de los señores árbitros, el veedor y de lo que observe La Organización. Las sanciones que no estén en este reglamento quedan bajo la exclusiva determinación de La Organización');

-- --------------------------------------------------------

--
-- Estructura de tabla para la tabla `torneos`
--

CREATE TABLE IF NOT EXISTS `torneos` (
  `id` int(4) NOT NULL auto_increment,
  `nombre` varchar(150) NOT NULL default '',
  `fechaInicio` date default NULL,
  `fechaFin` date default NULL,
  `logo` text,
  `orden` tinyint(2) default NULL,
  `activo` tinyint(1) NOT NULL default '1',
  PRIMARY KEY  (`id`)
) ENGINE=MyISAM  DEFAULT CHARSET=utf8 COMMENT='InnoDB free: 4096 kB' AUTO_INCREMENT=6 ;

--
-- Volcar la base de datos para la tabla `torneos`
--

INSERT INTO `torneos` (`id`, `nombre`, `fechaInicio`, `fechaFin`, `logo`, `orden`, `activo`) VALUES
(4, 'De Primera', '2011-04-09', NULL, 'banner_(1).jpg', 1, 1);

-- --------------------------------------------------------

--
-- Estructura de tabla para la tabla `usuarios`
--

CREATE TABLE IF NOT EXISTS `usuarios` (
  `idUsuario` tinyint(4) NOT NULL auto_increment,
  `usuario` varchar(100) NOT NULL default '',
  `clave` varchar(100) NOT NULL default '',
  PRIMARY KEY  (`idUsuario`)
) ENGINE=MyISAM  DEFAULT CHARSET=latin1 COMMENT='InnoDB free: 4096 kB' AUTO_INCREMENT=3 ;

--
-- Volcar la base de datos para la tabla `usuarios`
--

INSERT INTO `usuarios` (`idUsuario`, `usuario`, `clave`) VALUES
(1, 'admin', 'qw');
